2024-08-16 11:20:40.927+0000 WARN  [o.n.k.i.JvmChecker] The max heap memory has not been configured. It is recommended that it is always explicitly configured, to ensure the system has a balanced configuration. Until then, a JVM computed heuristic of 2069889024 bytes is used instead. If you are running neo4j server, you need to configure server.memory.heap.max_size in neo4j.conf. If you are running neo4j embedded, you have to launch the JVM with -Xmx set to a value. You can run neo4j-admin server memory-recommendation for memory configuration suggestions.
2024-08-16 11:20:40.927+0000 WARN  [o.n.k.i.JvmChecker] The initial heap memory has not been configured. It is recommended that it is always explicitly configured, to ensure the system has a balanced configuration. Until then, a JVM computed heuristic of 130023424 bytes is used instead. If you are running neo4j server, you need to configure server.memory.heap.initial_size in neo4j.conf. If you are running neo4j embedded, you have to launch the JVM with -Xms set to a value. You can run neo4j-admin server memory-recommendation for memory configuration suggestions.
2024-08-16 11:20:40.949+0000 WARN  [o.n.i.p.PageCache] Reflection access to java.nio.DirectByteBuffer is not available, using fallback mode. This could have negative impact on performance and memory usage. Consider adding --add-opens=java.base/java.nio=ALL-UNNAMED to VM options.
2024-08-16 11:20:41.096+0000 INFO  [o.n.i.d.DiagnosticsManager] 
                                                                ********************************************************************************
                                                                                             [ System diagnostics ]                             
                                                                ********************************************************************************
                                                                --------------------------------------------------------------------------------
                                                                                         [ System memory information ]                          
                                                                --------------------------------------------------------------------------------
                                                                Total Physical memory: 7.710GiB
                                                                Free Physical memory: 3.501GiB
                                                                Committed virtual memory: 5.352GiB
                                                                Total swap space: 2.000GiB
                                                                Free swap space: 2.000GiB
                                                                
                                                                --------------------------------------------------------------------------------
                                                                                           [ JVM memory information ]                           
                                                                --------------------------------------------------------------------------------
                                                                Free  memory: 60.23MiB
                                                                Total memory: 84.00MiB
                                                                Max   memory: 1.928GiB
                                                                Garbage Collector: G1 Young Generation: [G1 Eden Space, G1 Survivor Space, G1 Old Gen]
                                                                Garbage Collector: G1 Old Generation: [G1 Eden Space, G1 Survivor Space, G1 Old Gen]
                                                                Memory Pool: CodeHeap 'non-nmethods' (Non-heap memory): committed=2.438MiB, used=1.221MiB, max=5.570MiB, threshold=0B
                                                                Memory Pool: Metaspace (Non-heap memory): committed=21.50MiB, used=21.17MiB, max=-1B, threshold=0B
                                                                Memory Pool: CodeHeap 'profiled nmethods' (Non-heap memory): committed=4.375MiB, used=4.344MiB, max=117.2MiB, threshold=0B
                                                                Memory Pool: Compressed Class Space (Non-heap memory): committed=2.438MiB, used=2.276MiB, max=1.000GiB, threshold=0B
                                                                Memory Pool: G1 Eden Space (Heap memory): committed=61.00MiB, used=2.000MiB, max=-1B, threshold=?
                                                                Memory Pool: G1 Old Gen (Heap memory): committed=20.00MiB, used=19.16MiB, max=1.928GiB, threshold=0B
                                                                Memory Pool: G1 Survivor Space (Heap memory): committed=3.000MiB, used=2.614MiB, max=-1B, threshold=?
                                                                Memory Pool: CodeHeap 'non-profiled nmethods' (Non-heap memory): committed=2.438MiB, used=1.129MiB, max=117.2MiB, threshold=0B
                                                                
                                                                --------------------------------------------------------------------------------
                                                                                        [ Operating system information ]                        
                                                                --------------------------------------------------------------------------------
                                                                Operating System: Linux; version: 6.8.0-40-generic; arch: amd64; cpus: 8
                                                                Max number of file descriptors: 1048576
                                                                Number of open file descriptors: 194
                                                                Process id: 7
                                                                Byte order: LITTLE_ENDIAN
                                                                Local timezone: Etc/UTC
                                                                Memory page size: 4096
                                                                Unaligned memory access allowed: true
                                                                
                                                                --------------------------------------------------------------------------------
                                                                                              [ JVM information ]                               
                                                                --------------------------------------------------------------------------------
                                                                VM Name: OpenJDK 64-Bit Server VM
                                                                VM Vendor: Eclipse Adoptium
                                                                VM Version: 17.0.7+7
                                                                JIT compiler: HotSpot 64-Bit Tiered Compilers
                                                                VM Arguments: [-Dfile.encoding=UTF-8]
                                                                
                                                                --------------------------------------------------------------------------------
                                                                                               [ Java classpath ]                               
                                                                --------------------------------------------------------------------------------
                                                                 [classpath] /var/lib/neo4j/lib/neo4j-ast-5.9.0.jar
                                                                 [classpath] /var/lib/neo4j/lib/neo4j-procedure-5.9.0.jar
                                                                 [classpath] /var/lib/neo4j/lib/neo4j-security-5.9.0.jar
                                                                 [classpath] /var/lib/neo4j/lib/commons-math3-3.6.1.jar
                                                                 [classpath] /var/lib/neo4j/lib/neo4j-expressions-5.9.0.jar
                                                                 [classpath] /var/lib/neo4j/lib/zstd-jni-1.5.5-2.jar
                                                                 [classpath] /var/lib/neo4j/lib/neo4j-cypher-cache-5.9.0.jar
                                                                 [classpath] /var/lib/neo4j/lib/jPowerShell-3.0.jar
                                                                 [classpath] /var/lib/neo4j/lib/neo4j-ssl-5.9.0.jar
                                                                 [classpath] /var/lib/neo4j/lib/neo4j-server-5.9.0.jar
                                                                 [classpath] /var/lib/neo4j/lib/mercator_2.13-0.2.1.jar
                                                                 [classpath] /var/lib/neo4j/lib/jaxb-runtime-2.3.2.jar
                                                                 [classpath] /var/lib/neo4j/lib/reactive-streams-1.0.4.jar
                                                                 [classpath] /var/lib/neo4j/lib/neo4j-concurrent-5.9.0.jar
                                                                 [classpath] /var/lib/neo4j/lib/lucene-analysis-common-9.6.0.jar
                                                                 [classpath] /var/lib/neo4j/lib/jackson-module-jaxb-annotations-2.15.0.jar
                                                                 [classpath] /var/lib/neo4j/lib/neo4j-spatial-index-5.9.0.jar
                                                                 [classpath] /var/lib/neo4j/lib/lucene-queryparser-9.6.0.jar
                                                                 [classpath] /var/lib/neo4j/lib/jetty-server-9.4.51.v20230217.jar
                                                                 [classpath] /var/lib/neo4j/lib/javassist-3.25.0-GA.jar
                                                                 [classpath] /var/lib/neo4j/lib/netty-transport-native-unix-common-4.1.92.Final.jar
                                                                 [classpath] /var/lib/neo4j/lib/jersey-container-servlet-2.34.jar
                                                                 [classpath] /var/lib/neo4j/lib/neo4j-layout-5.9.0.jar
                                                                 [classpath] /var/lib/neo4j/lib/commons-configuration2-2.9.0.jar
                                                                 [classpath] /var/lib/neo4j/lib/netty-resolver-4.1.92.Final.jar
                                                                 [classpath] /var/lib/neo4j/lib/neo4j-procedure-api-5.9.0.jar
                                                                 [classpath] /var/lib/neo4j/lib/neo4j-configuration-5.9.0.jar
                                                                 [classpath] /var/lib/neo4j/lib/neo4j-graph-algo-5.9.0.jar
                                                                 [classpath] /var/lib/neo4j/conf/*
                                                                 [classpath] /var/lib/neo4j/lib/netty-transport-classes-kqueue-4.1.92.Final.jar
                                                                 [classpath] /var/lib/neo4j/lib/neo4j-codegen-5.9.0.jar
                                                                 [classpath] /var/lib/neo4j/lib/neo4j-dbms-5.9.0.jar
                                                                 [classpath] /var/lib/neo4j/lib/shiro-lang-1.11.0.jar
                                                                 [classpath] /var/lib/neo4j/lib/picocli-4.7.3.jar
                                                                 [classpath] /var/lib/neo4j/lib/neo4j-fabric-5.9.0.jar
                                                                 [classpath] /var/lib/neo4j/lib/WMI4Java-1.6.3.jar
                                                                 [classpath] /var/lib/neo4j/lib/neo4j-cypher-planner-spi-5.9.0.jar
                                                                 [classpath] /var/lib/neo4j/lib/jakarta.xml.bind-api-2.3.2.jar
                                                                 [classpath] /var/lib/neo4j/lib/neo4j-cypher-javacc-parser-5.9.0.jar
                                                                 [classpath] /var/lib/neo4j/lib/shiro-crypto-core-1.11.0.jar
                                                                 [classpath] /var/lib/neo4j/lib/jProcesses-1.6.5.jar
                                                                 [classpath] /var/lib/neo4j/lib/commons-collections-3.2.2.jar
                                                                 [classpath] /var/lib/neo4j/lib/hk2-locator-2.6.1.jar
                                                                 [classpath] /var/lib/neo4j/lib/neo4j-rewriting-5.9.0.jar
                                                                 [classpath] /var/lib/neo4j/lib/jersey-common-2.34.jar
                                                                 [classpath] /var/lib/neo4j/lib/neo4j-cypher-config-5.9.0.jar
                                                                 [classpath] /var/lib/neo4j/lib/netty-handler-4.1.92.Final.jar
                                                                 [classpath] /var/lib/neo4j/lib/neo4j-id-generator-5.9.0.jar
                                                                 [classpath] /var/lib/neo4j/lib/neo4j-cypher-runtime-util-5.9.0.jar
                                                                 [classpath] /var/lib/neo4j/lib/neo4j-wal-5.9.0.jar
                                                                 [classpath] /var/lib/neo4j/lib/netty-buffer-4.1.92.Final.jar
                                                                 [classpath] /var/lib/neo4j/lib/jetty-io-9.4.51.v20230217.jar
                                                                 [classpath] /var/lib/neo4j/lib/slf4j-nop-2.0.7.jar
                                                                 [classpath] /var/lib/neo4j/lib/caffeine-3.1.6.jar
                                                                 [classpath] /var/lib/neo4j/lib/neo4j-import-tool-5.9.0.jar
                                                                 [classpath] /var/lib/neo4j/lib/server-api-5.9.0.jar
                                                                 [classpath] /var/lib/neo4j/lib/eclipse-collections-api-11.1.0.jar
                                                                 [classpath] /var/lib/neo4j/lib/shiro-crypto-cipher-1.11.0.jar
                                                                 [classpath] /var/lib/neo4j/lib/jersey-container-servlet-core-2.34.jar
                                                                 [classpath] /var/lib/neo4j/lib/jackson-jaxrs-json-provider-2.15.0.jar
                                                                 [classpath] /var/lib/neo4j/lib/jackson-annotations-2.15.0.jar
                                                                 [classpath] /var/lib/neo4j/lib/jansi-2.4.0.jar
                                                                 [classpath] /var/lib/neo4j/lib/commons-text-1.10.0.jar
                                                                 [classpath] /var/lib/neo4j/lib/neo4j-storage-engine-util-5.9.0.jar
                                                                 [classpath] /var/lib/neo4j/lib/cypher-ast-factory-5.9.0.jar
                                                                 [classpath] /var/lib/neo4j/lib/neo4j-cypher-macros-5.9.0.jar
                                                                 [classpath] /var/lib/neo4j/lib/scala-reflect-2.13.10.jar
                                                                 [classpath] /var/lib/neo4j/lib/ipaddress-5.4.0.jar
                                                                 [classpath] /var/lib/neo4j/lib/jline-terminal-3.21.0.jar
                                                                 [classpath] /var/lib/neo4j/lib/jetty-security-9.4.51.v20230217.jar
                                                                 [classpath] /var/lib/neo4j/lib/neo4j-cypher-physical-planning-5.9.0.jar
                                                                 [classpath] /var/lib/neo4j/lib/jackson-core-2.15.0.jar
                                                                 [classpath] /var/lib/neo4j/lib/jetty-http-9.4.51.v20230217.jar
                                                                 [classpath] /var/lib/neo4j/lib/lz4-java-1.8.0.jar
                                                                 [classpath] /var/lib/neo4j/lib/cypher-literal-interpreter-5.9.0.jar
                                                                 [classpath] /var/lib/neo4j/lib/jetty-xml-9.4.51.v20230217.jar
                                                                 [classpath] /var/lib/neo4j/lib/netty-tcnative-classes-2.0.60.Final.jar
                                                                 [classpath] /var/lib/neo4j/lib/jackson-jaxrs-base-2.15.0.jar
                                                                 [classpath] /var/lib/neo4j/lib/jakarta.ws.rs-api-2.1.6.jar
                                                                 [classpath] /var/lib/neo4j/lib/neo4j-command-line-5.9.0.jar
                                                                 [classpath] /var/lib/neo4j/lib/jline-terminal-jansi-3.21.0.jar
                                                                 [classpath] /var/lib/neo4j/lib/hk2-api-2.6.1.jar
                                                                 [classpath] /var/lib/neo4j/lib/jetty-webapp-9.4.51.v20230217.jar
                                                                 [classpath] /var/lib/neo4j/lib/shiro-event-1.11.0.jar
                                                                 [classpath] /var/lib/neo4j/lib/neo4j-index-5.9.0.jar
                                                                 [classpath] /var/lib/neo4j/lib/neo4j-monitoring-5.9.0.jar
                                                                 [classpath] /var/lib/neo4j/lib/netty-common-4.1.92.Final.jar
                                                                 [classpath] /var/lib/neo4j/lib/commons-compress-1.23.0.jar
                                                                 [classpath] /var/lib/neo4j/lib/neo4j-cypher-logical-plans-5.9.0.jar
                                                                 [classpath] /var/lib/neo4j/lib/neo4j-lock-5.9.0.jar
                                                                 [classpath] /var/lib/neo4j/lib/jetty-util-9.4.51.v20230217.jar
                                                                 [classpath] /var/lib/neo4j/lib/istack-commons-runtime-3.0.8.jar
                                                                 [classpath] /var/lib/neo4j/lib/annotations-5.9.0.jar
                                                                 [classpath] /var/lib/neo4j/lib/neo4j-token-api-5.9.0.jar
                                                                 [classpath] /var/lib/neo4j/lib/neo4j-native-5.9.0.jar
                                                                 [classpath] /var/lib/neo4j/lib/eclipse-collections-11.1.0.jar
                                                                 [classpath] /var/lib/neo4j/lib/netty-transport-native-kqueue-4.1.92.Final-osx-x86_64.jar
                                                                 [classpath] /var/lib/neo4j/lib/neo4j-push-to-cloud-5.9.0.jar
                                                                 [classpath] /var/lib/neo4j/lib/commons-io-2.11.0.jar
                                                                 [classpath] /var/lib/neo4j/lib/neo4j-schema-5.9.0.jar
                                                                 [classpath] /var/lib/neo4j/lib/slf4j-api-2.0.7.jar
                                                                 [classpath] /var/lib/neo4j/lib/neo4j-lucene-index-5.9.0.jar
                                                                 [classpath] /var/lib/neo4j/lib/neo4j-fulltext-index-5.9.0.jar
                                                                 [classpath] /var/lib/neo4j/lib/neo4j-cypher-expression-evaluator-5.9.0.jar
                                                                 [classpath] /var/lib/neo4j/lib/neo4j-collections-5.9.0.jar
                                                                 [classpath] /var/lib/neo4j/lib/jakarta.activation-api-1.2.2.jar
                                                                 [classpath] /var/lib/neo4j/lib/neo4j-kernel-5.9.0.jar
                                                                 [classpath] /var/lib/neo4j/lib/jakarta.validation-api-2.0.2.jar
                                                                 [classpath] /var/lib/neo4j/lib/netty-codec-4.1.92.Final.jar
                                                                 [classpath] /var/lib/neo4j/lib/kiama_2.13-2.5.0.jar
                                                                 [classpath] /var/lib/neo4j/lib/magnolia_2.13-0.17.0.jar
                                                                 [classpath] /var/lib/neo4j/lib/netty-transport-4.1.92.Final.jar
                                                                 [classpath] /var/lib/neo4j/lib/jctools-core-4.0.1.jar
                                                                 [classpath] /var/lib/neo4j/lib/neo4j-unsafe-5.9.0.jar
                                                                 [classpath] /var/lib/neo4j/lib/neo4j-kernel-api-5.9.0.jar
                                                                 [classpath] /var/lib/neo4j/lib/neo4j-import-util-5.9.0.jar
                                                                 [classpath] /var/lib/neo4j/lib/jettison-1.5.4.jar
                                                                 [classpath] /var/lib/neo4j/lib/shiro-config-core-1.11.0.jar
                                                                 [classpath] /var/lib/neo4j/lib/jakarta.inject-2.6.1.jar
                                                                 [classpath] /var/lib/neo4j/lib/hk2-utils-2.6.1.jar
                                                                 [classpath] /var/lib/neo4j/lib/lucene-backward-codecs-9.6.0.jar
                                                                 [classpath] /var/lib/neo4j/lib/stax-ex-1.8.1.jar
                                                                 [classpath] /var/lib/neo4j/lib/neo4j-resource-5.9.0.jar
                                                                 [classpath] /var/lib/neo4j/lib/txw2-2.3.2.jar
                                                                 [classpath] /var/lib/neo4j/lib/shiro-crypto-hash-1.11.0.jar
                                                                 [classpath] /var/lib/neo4j/lib/neo4j-cypher-5.9.0.jar
                                                                 [classpath] /var/lib/neo4j/lib/neo4j-record-storage-engine-5.9.0.jar
                                                                 [classpath] /var/lib/neo4j/lib/neo4j-io-5.9.0.jar
                                                                 [classpath] /var/lib/neo4j/lib/neo4j-front-end-5.9.0.jar
                                                                 [classpath] /var/lib/neo4j/lib/neo4j-cypher-dsl-2023.3.0.jar
                                                                 [classpath] /var/lib/neo4j/lib/neo4j-diagnostics-5.9.0.jar
                                                                 [classpath] /var/lib/neo4j/lib/cypher-shell-5.9.0.jar
                                                                 [classpath] /var/lib/neo4j/lib/log4j-api-2.20.0.jar
                                                                 [classpath] /var/lib/neo4j/lib/jline-reader-3.21.0.jar
                                                                 [classpath] /var/lib/neo4j/lib/neo4j-5.9.0.jar
                                                                 [classpath] /var/lib/neo4j/lib/FastInfoset-1.2.16.jar
                                                                 [classpath] /var/lib/neo4j/lib/argparse4j-0.9.0.jar
                                                                 [classpath] /var/lib/neo4j/lib/log4j-core-2.20.0.jar
                                                                 [classpath] /var/lib/neo4j/lib/neo4j-bootcheck-5.9.0.jar
                                                                 [classpath] /var/lib/neo4j/lib/commons-logging-1.2.jar
                                                                 [classpath] /var/lib/neo4j/lib/zstd-proxy-5.9.0.jar
                                                                 [classpath] /var/lib/neo4j/lib/jna-5.13.0.jar
                                                                 [classpath] /var/lib/neo4j/lib/neo4j-values-5.9.0.jar
                                                                 [classpath] /var/lib/neo4j/lib/scala-library-2.13.10.jar
                                                                 [classpath] /var/lib/neo4j/lib/neo4j-common-5.9.0.jar
                                                                 [classpath] /var/lib/neo4j/lib/netty-transport-native-epoll-4.1.92.Final-linux-x86_64.jar
                                                                 [classpath] /var/lib/neo4j/lib/neo4j-java-driver-5.8.0.jar
                                                                 [classpath] /var/lib/neo4j/lib/netty-transport-native-epoll-4.1.92.Final-linux-aarch_64.jar
                                                                 [classpath] /var/lib/neo4j/lib/neo4j-exceptions-5.9.0.jar
                                                                 [classpath] /var/lib/neo4j/lib/neo4j-data-collector-5.9.0.jar
                                                                 [classpath] /var/lib/neo4j/lib/neo4j-bolt-5.9.0.jar
                                                                 [classpath] /var/lib/neo4j/lib/neo4j-logging-5.9.0.jar
                                                                 [classpath] /var/lib/neo4j/lib/shiro-cache-1.11.0.jar
                                                                 [classpath] /var/lib/neo4j/lib/neo4j-query-router-5.9.0.jar
                                                                 [classpath] /var/lib/neo4j/lib/neo4j-cypher-slotted-runtime-5.9.0.jar
                                                                 [classpath] /var/lib/neo4j/lib/netty-transport-native-kqueue-4.1.92.Final-osx-aarch_64.jar
                                                                 [classpath] /var/lib/neo4j/lib/jackson-databind-2.15.0.jar
                                                                 [classpath] /var/lib/neo4j/lib/neo4j-browser-5.9.0.jar
                                                                 [classpath] /var/lib/neo4j/lib/netty-codec-http-4.1.92.Final.jar
                                                                 [classpath] /var/lib/neo4j/lib/jakarta.annotation-api-1.3.5.jar
                                                                 [classpath] /var/lib/neo4j/lib/jetty-servlet-9.4.51.v20230217.jar
                                                                 [classpath] /var/lib/neo4j/lib/reactor-core-3.5.5.jar
                                                                 [classpath] /var/lib/neo4j/lib/neo4j-graphdb-api-5.9.0.jar
                                                                 [classpath] /var/lib/neo4j/lib/neo4j-cypher-ir-5.9.0.jar
                                                                 [classpath] /var/lib/neo4j/lib/lucene-core-9.6.0.jar
                                                                 [classpath] /var/lib/neo4j/lib/neo4j-consistency-check-5.9.0.jar
                                                                 [classpath] /var/lib/neo4j/lib/neo4j-util-5.9.0.jar
                                                                 [classpath] /var/lib/neo4j/lib/commons-lang3-3.12.0.jar
                                                                 [classpath] /var/lib/neo4j/lib/neo4j-capabilities-5.9.0.jar
                                                                 [classpath] /var/lib/neo4j/lib/neo4j-cypher-ast-factory-5.9.0.jar
                                                                 [classpath] /var/lib/neo4j/lib/neo4j-cypher-interpreted-runtime-5.9.0.jar
                                                                 [classpath] /var/lib/neo4j/lib/neo4j-cypher-planner-5.9.0.jar
                                                                 [classpath] /var/lib/neo4j/lib/netty-transport-classes-epoll-4.1.92.Final.jar
                                                                 [classpath] /var/lib/neo4j/lib/javax.servlet-api-3.1.0.jar
                                                                 [classpath] /var/lib/neo4j/lib/log4j-layout-template-json-2.20.0.jar
                                                                 [classpath] /var/lib/neo4j/lib/jersey-server-2.34.jar
                                                                 [classpath] /var/lib/neo4j/lib/commons-beanutils-1.9.4.jar
                                                                 [classpath] /var/lib/neo4j/lib/shiro-core-1.11.0.jar
                                                                 [classpath] /var/lib/neo4j/lib/shiro-config-ogdl-1.11.0.jar
                                                                 [classpath] /var/lib/neo4j/lib/neo4j-csv-5.9.0.jar
                                                                 [classpath] /var/lib/neo4j/lib/scala-collection-contrib_2.13-0.3.0.jar
                                                                 [classpath] /var/lib/neo4j/lib/jersey-client-2.34.jar
                                                                 [classpath] /var/lib/neo4j/lib/jersey-hk2-2.34.jar
                                                                
                                                                --------------------------------------------------------------------------------
                                                                                                [ Library path ]                                
                                                                --------------------------------------------------------------------------------
                                                                /usr/java/packages/lib
                                                                /usr/lib64
                                                                /lib64
                                                                /lib
                                                                /usr/lib
                                                                
                                                                --------------------------------------------------------------------------------
                                                                                             [ System properties ]                              
                                                                --------------------------------------------------------------------------------
                                                                sun.jnu.encoding = ANSI_X3.4-1968
                                                                sun.arch.data.model = 64
                                                                user.timezone = Etc/UTC
                                                                sun.java.launcher = SUN_STANDARD
                                                                user.country = US
                                                                sun.boot.library.path = /opt/java/openjdk/lib
                                                                sun.java.command = org.neo4j.server.CommunityEntryPoint --home-dir=/var/lib/neo4j --config-dir=/var/lib/neo4j/conf --console-mode
                                                                jdk.debug = release
                                                                sun.cpu.endian = little
                                                                user.home = /var/lib/neo4j
                                                                user.language = en
                                                                file.separator = /
                                                                sun.management.compiler = HotSpot 64-Bit Tiered Compilers
                                                                user.name = neo4j
                                                                path.separator = :
                                                                file.encoding = UTF-8
                                                                jnidispatch.path = /var/lib/neo4j/.cache/JNA/temp/jna2416437518533713243.tmp
                                                                jna.loaded = true
                                                                user.dir = /var/lib/neo4j
                                                                native.encoding = ANSI_X3.4-1968
                                                                sun.io.unicode.encoding = UnicodeLittle
                                                                
                                                                --------------------------------------------------------------------------------
                                                                                      [ (IANA) TimeZone database version ]                      
                                                                --------------------------------------------------------------------------------
                                                                  TimeZone version: 2022g (available for 603 zone identifiers)
                                                                
                                                                --------------------------------------------------------------------------------
                                                                                            [ Network information ]                             
                                                                --------------------------------------------------------------------------------
                                                                Interface eth0:
                                                                    address: 172.18.0.2
                                                                Interface lo:
                                                                    address: 0:0:0:0:0:0:0:1%lo
                                                                    address: 127.0.0.1
                                                                
                                                                --------------------------------------------------------------------------------
                                                                                         [ Native access information ]                          
                                                                --------------------------------------------------------------------------------
                                                                Native access details: Linux native access is available.
                                                                
                                                                --------------------------------------------------------------------------------
                                                                                                [ DBMS config ]                                 
                                                                --------------------------------------------------------------------------------
                                                                DBMS provided settings:
                                                                server.default_listen_address=0.0.0.0
                                                                server.directories.logs=/logs
                                                                server.directories.neo4j_home=/var/lib/neo4j
                                                                server.directories.plugins=/plugins
                                                                server.memory.pagecache.size=512.00MiB
                                                                Directories in use:
                                                                server.directories.data=/var/lib/neo4j/data
                                                                server.directories.dumps.root=/var/lib/neo4j/data/dumps
                                                                server.directories.import=/var/lib/neo4j
                                                                server.directories.lib=/var/lib/neo4j/lib
                                                                server.directories.licenses=/var/lib/neo4j/licenses
                                                                server.directories.logs=/logs
                                                                server.directories.neo4j_home=/var/lib/neo4j
                                                                server.directories.plugins=/plugins
                                                                server.directories.run=/var/lib/neo4j/run
                                                                server.directories.script.root=/var/lib/neo4j/data/scripts
                                                                server.directories.transaction.logs.root=/var/lib/neo4j/data/transactions
                                                                
                                                                --------------------------------------------------------------------------------
                                                                                                 [ Packaging ]                                  
                                                                --------------------------------------------------------------------------------
                                                                Edition: Community
                                                                Package Type: tar
                                                                
2024-08-16 11:20:41.124+0000 INFO  [o.n.d.i.DefaultIdentityModule] Generated new ServerId: ServerId{c9534e0c} (c9534e0c-ef6a-45a2-b3dd-96175cbccc3a)
2024-08-16 11:20:41.125+0000 INFO  [o.n.d.i.DefaultIdentityModule] This instance is ServerId{c9534e0c} (c9534e0c-ef6a-45a2-b3dd-96175cbccc3a)
2024-08-16 11:20:41.813+0000 INFO  [o.n.s.CommunityNeoWebServer] ======== Neo4j 5.9.0 ========
2024-08-16 11:20:41.825+0000 INFO  [o.n.d.d.DatabaseLifecycles] Creating 'DatabaseId{00000000[system]}'.
2024-08-16 11:20:41.919+0000 INFO  [o.n.b.BoltServer] Using connector transport epoll
2024-08-16 11:20:41.969+0000 INFO  [o.n.b.BoltServer] Configured external Bolt connector with listener address /0.0.0.0:7687
2024-08-16 11:20:41.969+0000 INFO  [o.n.b.BoltServer] Bolt server loaded
2024-08-16 11:20:41.991+0000 INFO  [o.n.d.d.DatabaseLifecycles] Starting 'DatabaseId{00000000[system]}'.
2024-08-16 11:20:42.661+0000 INFO  [o.n.i.d.DiagnosticsManager] [system/00000000] 
                                                                [system/00000000] ********************************************************************************
                                                                [system/00000000]                               [ Database: system ]                              
                                                                [system/00000000] ********************************************************************************
                                                                [system/00000000] --------------------------------------------------------------------------------
                                                                [system/00000000]                                   [ Version ]                                   
                                                                [system/00000000] --------------------------------------------------------------------------------
                                                                [system/00000000] DBMS: community record-aligned-1.1
                                                                [system/00000000] Kernel version: 5.9.0
                                                                [system/00000000] 
                                                                [system/00000000] --------------------------------------------------------------------------------
                                                                [system/00000000]                                 [ Store files ]                                 
                                                                [system/00000000] --------------------------------------------------------------------------------
                                                                [system/00000000] Disk space on partition (Total / Free / Free %): 526762934272 / 514181136384 / 97
                                                                [system/00000000] Storage files stored on file store: ext4
                                                                [system/00000000] Storage files: (filename : modification date - size)
                                                                [system/00000000]   neostore: 2024-08-16 11:20:42.514+0000 - 8.000KiB
                                                                [system/00000000]   neostore.counts.db: 2024-08-16 11:20:42.542+0000 - 0B
                                                                [system/00000000]   neostore.indexstats.db: 2024-08-16 11:20:42.563+0000 - 0B
                                                                [system/00000000]   neostore.labeltokenstore.db: 2024-08-16 11:20:42.494+0000 - 0B
                                                                [system/00000000]   neostore.labeltokenstore.db.id: 2024-08-16 11:20:42.494+0000 - 0B
                                                                [system/00000000]   neostore.labeltokenstore.db.names: 2024-08-16 11:20:42.490+0000 - 8.000KiB
                                                                [system/00000000]   neostore.labeltokenstore.db.names.id: 2024-08-16 11:20:42.489+0000 - 0B
                                                                [system/00000000]   neostore.nodestore.db: 2024-08-16 11:20:42.453+0000 - 0B
                                                                [system/00000000]   neostore.nodestore.db.id: 2024-08-16 11:20:42.452+0000 - 0B
                                                                [system/00000000]   neostore.nodestore.db.labels: 2024-08-16 11:20:42.436+0000 - 8.000KiB
                                                                [system/00000000]   neostore.nodestore.db.labels.id: 2024-08-16 11:20:42.397+0000 - 0B
                                                                [system/00000000]   neostore.propertystore.db: 2024-08-16 11:20:42.482+0000 - 0B
                                                                [system/00000000]   neostore.propertystore.db.arrays: 2024-08-16 11:20:42.476+0000 - 8.000KiB
                                                                [system/00000000]   neostore.propertystore.db.arrays.id: 2024-08-16 11:20:42.474+0000 - 0B
                                                                [system/00000000]   neostore.propertystore.db.id: 2024-08-16 11:20:42.481+0000 - 0B
                                                                [system/00000000]   neostore.propertystore.db.index: 2024-08-16 11:20:42.459+0000 - 0B
                                                                [system/00000000]   neostore.propertystore.db.index.id: 2024-08-16 11:20:42.459+0000 - 0B
                                                                [system/00000000]   neostore.propertystore.db.index.keys: 2024-08-16 11:20:42.455+0000 - 8.000KiB
                                                                [system/00000000]   neostore.propertystore.db.index.keys.id: 2024-08-16 11:20:42.453+0000 - 0B
                                                                [system/00000000]   neostore.propertystore.db.strings: 2024-08-16 11:20:42.471+0000 - 8.000KiB
                                                                [system/00000000]   neostore.propertystore.db.strings.id: 2024-08-16 11:20:42.460+0000 - 0B
                                                                [system/00000000]   neostore.relationshipgroupstore.db: 2024-08-16 11:20:42.503+0000 - 8.000KiB
                                                                [system/00000000]   neostore.relationshipgroupstore.db.id: 2024-08-16 11:20:42.501+0000 - 0B
                                                                [system/00000000]   neostore.relationshipgroupstore.degrees.db: 2024-08-16 11:20:42.552+0000 - 0B
                                                                [system/00000000]   neostore.relationshipstore.db: 2024-08-16 11:20:42.484+0000 - 0B
                                                                [system/00000000]   neostore.relationshipstore.db.id: 2024-08-16 11:20:42.483+0000 - 0B
                                                                [system/00000000]   neostore.relationshiptypestore.db: 2024-08-16 11:20:42.489+0000 - 0B
                                                                [system/00000000]   neostore.relationshiptypestore.db.id: 2024-08-16 11:20:42.488+0000 - 0B
                                                                [system/00000000]   neostore.relationshiptypestore.db.names: 2024-08-16 11:20:42.485+0000 - 8.000KiB
                                                                [system/00000000]   neostore.relationshiptypestore.db.names.id: 2024-08-16 11:20:42.484+0000 - 0B
                                                                [system/00000000]   neostore.schemastore.db: 2024-08-16 11:20:42.497+0000 - 8.000KiB
                                                                [system/00000000]   neostore.schemastore.db.id: 2024-08-16 11:20:42.496+0000 - 0B
                                                                [system/00000000] Storage summary: 
                                                                [system/00000000]   Total size of store: 72.00KiB
                                                                [system/00000000]   Total size of mapped files: 72.00KiB
                                                                [system/00000000] 
                                                                [system/00000000] --------------------------------------------------------------------------------
                                                                [system/00000000]                               [ Transaction log ]                               
                                                                [system/00000000] --------------------------------------------------------------------------------
                                                                [system/00000000] Transaction log files stored on file store: ext4
                                                                [system/00000000] Transaction log metadata:
                                                                [system/00000000]  - current kernel version used in transactions: V5_9
                                                                [system/00000000]  - last committed transaction id: 1
                                                                [system/00000000] Transaction log files:
                                                                [system/00000000]  - existing transaction log versions: -1--1
                                                                [system/00000000]  - no transactions found
                                                                [system/00000000] Checkpoint log files:
                                                                [system/00000000]  - existing checkpoint log versions: -1--1
                                                                [system/00000000]  - no checkpoints found
                                                                [system/00000000] 
                                                                [system/00000000] --------------------------------------------------------------------------------
                                                                [system/00000000]                                   [ Id usage ]                                  
                                                                [system/00000000] --------------------------------------------------------------------------------
                                                                [system/00000000] ArrayPropertyStore[neostore.nodestore.db.labels]: used=1 high=0
                                                                [system/00000000] NodeStore[neostore.nodestore.db]: used=0 high=-1
                                                                [system/00000000] StringPropertyStore[neostore.propertystore.db.index.keys]: used=1 high=0
                                                                [system/00000000] PropertyIndexStore[neostore.propertystore.db.index]: used=0 high=-1
                                                                [system/00000000] StringPropertyStore[neostore.propertystore.db.strings]: used=1 high=0
                                                                [system/00000000] ArrayPropertyStore[neostore.propertystore.db.arrays]: used=1 high=0
                                                                [system/00000000] PropertyStore[neostore.propertystore.db]: used=0 high=-1
                                                                [system/00000000] RelationshipStore[neostore.relationshipstore.db]: used=0 high=-1
                                                                [system/00000000] StringPropertyStore[neostore.relationshiptypestore.db.names]: used=1 high=0
                                                                [system/00000000] RelationshipTypeStore[neostore.relationshiptypestore.db]: used=0 high=-1
                                                                [system/00000000] StringPropertyStore[neostore.labeltokenstore.db.names]: used=1 high=0
                                                                [system/00000000] LabelTokenStore[neostore.labeltokenstore.db]: used=0 high=-1
                                                                [system/00000000] SchemaStore[neostore.schemastore.db]: used=1 high=0
                                                                [system/00000000] RelationshipGroupStore[neostore.relationshipgroupstore.db]: used=1 high=0
                                                                [system/00000000] NeoStore[neostore]: used=-1 high=-1
                                                                [system/00000000] 
                                                                [system/00000000] --------------------------------------------------------------------------------
                                                                [system/00000000]                                   [ Metadata ]                                  
                                                                [system/00000000] --------------------------------------------------------------------------------
                                                                [system/00000000] EXTERNAL_STORE_UUID (Database identifier exposed as external store identity. Generated on creation and never updated): 23e8f11d-cde9-468a-8264-e3473a055845
                                                                [system/00000000] DATABASE_ID (The last used DatabaseId for this database): null
                                                                [system/00000000] LEGACY_STORE_VERSION (Legacy store format version. This field is used from 5.0 onwards only to distinguish non-migrated pre 5.0 metadata stores.): -3523014627327384477
                                                                [system/00000000] STORE_ID (Store ID): StoreId{creationTime=1723807242513, random=8528745655144095747, storageEngineName='record', formatName='aligned', majorVersion=1, minorVersion=1}
                                                                [system/00000000] 
2024-08-16 11:20:42.677+0000 INFO  [o.n.k.a.DatabaseAvailabilityGuard] [system/00000000] Requirement `Database unavailable` makes database system unavailable.
2024-08-16 11:20:42.678+0000 INFO  [o.n.k.a.DatabaseAvailabilityGuard] [system/00000000] DatabaseId{00000000[system]} is unavailable.
2024-08-16 11:20:42.692+0000 WARN  [o.n.k.i.s.MetaDataStore] [system/00000000] Missing counts store, rebuilding it.
2024-08-16 11:20:42.697+0000 WARN  [o.n.k.i.s.MetaDataStore] [system/00000000] Counts store rebuild completed.
2024-08-16 11:20:42.698+0000 WARN  [o.n.k.i.t.l.f.LogFileChannelNativeAccessor] [system/00000000] Error on attempt to preallocate log file version: 0. Error: ErrorCode=-1, errorMessage='Incorrect file descriptor.'
2024-08-16 11:20:42.711+0000 INFO  [o.n.k.d.Database] [system/00000000] Starting transaction log [/var/lib/neo4j/data/transactions/system/neostore.transaction.db.0] at version=0
2024-08-16 11:20:42.717+0000 WARN  [o.n.k.i.t.l.f.c.CheckpointFileChannelNativeAccessor] [system/00000000] Error on attempt to preallocate log file version: 0. Error: ErrorCode=-1, errorMessage='Incorrect file descriptor.'
2024-08-16 11:20:42.722+0000 INFO  [o.n.k.d.Database] [system/00000000] Starting transaction log [/var/lib/neo4j/data/transactions/system/checkpoint.0] at version=0
2024-08-16 11:20:42.723+0000 WARN  [o.n.k.i.t.l.f.c.CheckpointFileChannelNativeAccessor] [system/00000000] Unable to advise sequential access for transaction log version: 0. Error: ErrorCode=-1, errorMessage='Incorrect file descriptor.'
2024-08-16 11:20:42.723+0000 WARN  [o.n.k.i.t.l.f.c.CheckpointFileChannelNativeAccessor] [system/00000000] Unable to advise preserve data in cache for transaction log version: 0. Error: ErrorCode=-1, errorMessage='Incorrect file descriptor.'
2024-08-16 11:20:42.724+0000 INFO  [o.n.k.i.t.l.f.c.CheckpointLogFile] [system/00000000] Scanning log file with version 0 for checkpoint entries
2024-08-16 11:20:42.724+0000 WARN  [o.n.k.i.t.l.f.c.CheckpointFileChannelNativeAccessor] [system/00000000] Unable to evict transaction log from cache with version: 0. Error: ErrorCode=-1, errorMessage='Incorrect file descriptor.'
2024-08-16 11:20:42.725+0000 WARN  [o.n.k.i.t.l.f.LogFileChannelNativeAccessor] [system/00000000] Unable to advise sequential access for transaction log version: 0. Error: ErrorCode=-1, errorMessage='Incorrect file descriptor.'
2024-08-16 11:20:42.725+0000 WARN  [o.n.k.i.t.l.f.LogFileChannelNativeAccessor] [system/00000000] Unable to advise preserve data in cache for transaction log version: 0. Error: ErrorCode=-1, errorMessage='Incorrect file descriptor.'
2024-08-16 11:20:42.725+0000 WARN  [o.n.k.i.t.l.f.LogFileChannelNativeAccessor] [system/00000000] Unable to evict transaction log from cache with version: 0. Error: ErrorCode=-1, errorMessage='Incorrect file descriptor.'
2024-08-16 11:20:42.725+0000 WARN  [o.n.k.i.t.l.f.LogFileChannelNativeAccessor] [system/00000000] Unable to advise sequential access for transaction log version: 0. Error: ErrorCode=-1, errorMessage='Incorrect file descriptor.'
2024-08-16 11:20:42.726+0000 WARN  [o.n.k.i.t.l.f.LogFileChannelNativeAccessor] [system/00000000] Unable to advise preserve data in cache for transaction log version: 0. Error: ErrorCode=-1, errorMessage='Incorrect file descriptor.'
2024-08-16 11:20:42.726+0000 WARN  [o.n.k.i.t.l.f.LogFileChannelNativeAccessor] [system/00000000] Unable to evict transaction log from cache with version: 0. Error: ErrorCode=-1, errorMessage='Incorrect file descriptor.'
2024-08-16 11:20:42.761+0000 INFO  [o.n.k.a.DatabaseAvailabilityGuard] [system/00000000] Fulfilling of requirement 'Database unavailable' makes database system available.
2024-08-16 11:20:42.762+0000 INFO  [o.n.k.a.DatabaseAvailabilityGuard] [system/00000000] DatabaseId{00000000[system]} is ready.
2024-08-16 11:20:43.049+0000 INFO  [o.n.k.i.a.i.IndexPopulationJob] [system/00000000] Index population started: [Index( id=1, name='index_343aff4e', type='LOOKUP', schema=(:<any-labels>), indexProvider='token-lookup-1.0' )]
2024-08-16 11:20:43.094+0000 INFO  [o.n.k.i.a.i.IndexPopulationJob] [system/00000000] Index creation finished for index [Index( id=1, name='index_343aff4e', type='LOOKUP', schema=(:<any-labels>), indexProvider='token-lookup-1.0' )].
2024-08-16 11:20:43.101+0000 INFO  [o.n.k.i.a.i.IndexPopulationJob] [system/00000000] Index population started: [Index( id=2, name='index_f7700477', type='LOOKUP', schema=()-[:<any-types>]-(), indexProvider='token-lookup-1.0' )]
2024-08-16 11:20:43.116+0000 INFO  [o.n.k.i.a.i.IndexPopulationJob] [system/00000000] Index creation finished for index [Index( id=2, name='index_f7700477', type='LOOKUP', schema=()-[:<any-types>]-(), indexProvider='token-lookup-1.0' )].
2024-08-16 11:20:43.212+0000 INFO  [o.n.k.i.a.i.IndexPopulationJob] [system/00000000] Index population started: [Index( id=3, name='constraint_798238d6', type='RANGE', schema=(:DatabaseName {name, namespace}), indexProvider='range-1.0' )]
2024-08-16 11:20:43.240+0000 INFO  [o.n.k.i.a.i.IndexPopulationJob] [system/00000000] Index creation finished for index [Index( id=3, name='constraint_798238d6', type='RANGE', schema=(:DatabaseName {name, namespace}), indexProvider='range-1.0' )].
2024-08-16 11:20:43.254+0000 INFO  [o.n.k.i.a.i.IndexPopulationJob] [system/00000000] Index population started: [Index( id=4, name='constraint_8014b60a', type='RANGE', schema=(:Database {name}), indexProvider='range-1.0' )]
2024-08-16 11:20:43.266+0000 INFO  [o.n.k.i.a.i.IndexPopulationJob] [system/00000000] Index creation finished for index [Index( id=4, name='constraint_8014b60a', type='RANGE', schema=(:Database {name}), indexProvider='range-1.0' )].
2024-08-16 11:20:43.337+0000 INFO  [o.n.k.i.a.i.IndexingService] [system/00000000] Constraint Index( id=3, name='constraint_798238d6', type='RANGE', schema=(:Label[1] {PropertyKey[11], PropertyKey[12]}), indexProvider='range-1.0' ) is ONLINE.
2024-08-16 11:20:43.338+0000 INFO  [o.n.k.i.a.i.IndexingService] [system/00000000] Constraint Index( id=4, name='constraint_8014b60a', type='RANGE', schema=(:Label[2] {PropertyKey[11]}), indexProvider='range-1.0' ) is ONLINE.
2024-08-16 11:20:43.530+0000 INFO  [o.n.k.i.a.i.IndexPopulationJob] [system/00000000] Index population started: [Index( id=7, name='constraint_5789ae3', type='RANGE', schema=(:User {name}), indexProvider='range-1.0' )]
2024-08-16 11:20:43.553+0000 INFO  [o.n.k.i.a.i.IndexPopulationJob] [system/00000000] Index creation finished for index [Index( id=7, name='constraint_5789ae3', type='RANGE', schema=(:User {name}), indexProvider='range-1.0' )].
2024-08-16 11:20:43.571+0000 INFO  [o.n.k.i.a.i.IndexPopulationJob] [system/00000000] Index population started: [Index( id=8, name='constraint_74fad970', type='RANGE', schema=(:User {id}), indexProvider='range-1.0' )]
2024-08-16 11:20:43.584+0000 INFO  [o.n.k.i.a.i.IndexPopulationJob] [system/00000000] Index creation finished for index [Index( id=8, name='constraint_74fad970', type='RANGE', schema=(:User {id}), indexProvider='range-1.0' )].
2024-08-16 11:20:43.592+0000 INFO  [o.n.k.i.a.i.IndexingService] [system/00000000] Constraint Index( id=7, name='constraint_5789ae3', type='RANGE', schema=(:Label[3] {PropertyKey[11]}), indexProvider='range-1.0' ) is ONLINE.
2024-08-16 11:20:43.592+0000 INFO  [o.n.k.i.a.i.IndexingService] [system/00000000] Constraint Index( id=8, name='constraint_74fad970', type='RANGE', schema=(:Label[3] {PropertyKey[26]}), indexProvider='range-1.0' ) is ONLINE.
2024-08-16 11:20:43.594+0000 INFO  [o.n.s.s.s.UserSecurityGraphComponent] Initializing system graph model for component 'security-users' with version -1 and status UNINITIALIZED
2024-08-16 11:20:43.600+0000 INFO  [o.n.s.s.s.UserSecurityGraphComponent] Setting up initial user from `auth.ini` file: neo4j
2024-08-16 11:20:43.601+0000 INFO  [o.n.s.s.a.CommunitySecurityModule] CREATE USER neo4j PASSWORD ****** CHANGE NOT REQUIRED
2024-08-16 11:20:43.619+0000 INFO  [o.n.s.s.s.UserSecurityGraphComponent] Setting version for 'security-users' to 4
2024-08-16 11:20:43.628+0000 INFO  [o.n.s.s.s.UserSecurityGraphComponent] After initialization of system graph model component 'security-users' have version 4 and status CURRENT
2024-08-16 11:20:43.634+0000 INFO  [o.n.s.s.s.UserSecurityGraphComponent] Performing postInitialization step for component 'security-users' with version 4 and status CURRENT
2024-08-16 11:20:43.639+0000 INFO  [o.n.d.d.DatabaseLifecycles] Creating 'DatabaseId{9b130fe2[neo4j]}'.
2024-08-16 11:20:43.640+0000 INFO  [o.n.d.d.DatabaseLifecycles] Starting 'DatabaseId{9b130fe2[neo4j]}'.
2024-08-16 11:20:43.645+0000 INFO  [o.n.k.i.s.f.RecordFormatSelector] [neo4j/9b130fe2] Selected configured format for store /var/lib/neo4j/data/databases/neo4j: RecordFormat:PageAlignedV5_0[aligned-1.1]
2024-08-16 11:20:43.716+0000 INFO  [o.n.i.d.DiagnosticsManager] [neo4j/9b130fe2] 
                                                                [neo4j/9b130fe2] ********************************************************************************
                                                                [neo4j/9b130fe2]                               [ Database: neo4j ]                               
                                                                [neo4j/9b130fe2] ********************************************************************************
                                                                [neo4j/9b130fe2] --------------------------------------------------------------------------------
                                                                [neo4j/9b130fe2]                                   [ Version ]                                   
                                                                [neo4j/9b130fe2] --------------------------------------------------------------------------------
                                                                [neo4j/9b130fe2] DBMS: community record-aligned-1.1
                                                                [neo4j/9b130fe2] Kernel version: 5.9.0
                                                                [neo4j/9b130fe2] 
                                                                [neo4j/9b130fe2] --------------------------------------------------------------------------------
                                                                [neo4j/9b130fe2]                                 [ Store files ]                                 
                                                                [neo4j/9b130fe2] --------------------------------------------------------------------------------
                                                                [neo4j/9b130fe2] Disk space on partition (Total / Free / Free %): 526762934272 / 514148413440 / 97
                                                                [neo4j/9b130fe2] Storage files stored on file store: ext4
                                                                [neo4j/9b130fe2] Storage files: (filename : modification date - size)
                                                                [neo4j/9b130fe2]   neostore: 2024-08-16 11:20:43.693+0000 - 8.000KiB
                                                                [neo4j/9b130fe2]   neostore.counts.db: 2024-08-16 11:20:43.702+0000 - 0B
                                                                [neo4j/9b130fe2]   neostore.indexstats.db: 2024-08-16 11:20:43.703+0000 - 0B
                                                                [neo4j/9b130fe2]   neostore.labeltokenstore.db: 2024-08-16 11:20:43.679+0000 - 0B
                                                                [neo4j/9b130fe2]   neostore.labeltokenstore.db.id: 2024-08-16 11:20:43.679+0000 - 0B
                                                                [neo4j/9b130fe2]   neostore.labeltokenstore.db.names: 2024-08-16 11:20:43.673+0000 - 8.000KiB
                                                                [neo4j/9b130fe2]   neostore.labeltokenstore.db.names.id: 2024-08-16 11:20:43.672+0000 - 0B
                                                                [neo4j/9b130fe2]   neostore.nodestore.db: 2024-08-16 11:20:43.652+0000 - 0B
                                                                [neo4j/9b130fe2]   neostore.nodestore.db.id: 2024-08-16 11:20:43.652+0000 - 0B
                                                                [neo4j/9b130fe2]   neostore.nodestore.db.labels: 2024-08-16 11:20:43.645+0000 - 8.000KiB
                                                                [neo4j/9b130fe2]   neostore.nodestore.db.labels.id: 2024-08-16 11:20:43.645+0000 - 0B
                                                                [neo4j/9b130fe2]   neostore.propertystore.db: 2024-08-16 11:20:43.665+0000 - 0B
                                                                [neo4j/9b130fe2]   neostore.propertystore.db.arrays: 2024-08-16 11:20:43.663+0000 - 8.000KiB
                                                                [neo4j/9b130fe2]   neostore.propertystore.db.arrays.id: 2024-08-16 11:20:43.663+0000 - 0B
                                                                [neo4j/9b130fe2]   neostore.propertystore.db.id: 2024-08-16 11:20:43.665+0000 - 0B
                                                                [neo4j/9b130fe2]   neostore.propertystore.db.index: 2024-08-16 11:20:43.658+0000 - 0B
                                                                [neo4j/9b130fe2]   neostore.propertystore.db.index.id: 2024-08-16 11:20:43.658+0000 - 0B
                                                                [neo4j/9b130fe2]   neostore.propertystore.db.index.keys: 2024-08-16 11:20:43.653+0000 - 8.000KiB
                                                                [neo4j/9b130fe2]   neostore.propertystore.db.index.keys.id: 2024-08-16 11:20:43.653+0000 - 0B
                                                                [neo4j/9b130fe2]   neostore.propertystore.db.strings: 2024-08-16 11:20:43.660+0000 - 8.000KiB
                                                                [neo4j/9b130fe2]   neostore.propertystore.db.strings.id: 2024-08-16 11:20:43.659+0000 - 0B
                                                                [neo4j/9b130fe2]   neostore.relationshipgroupstore.db: 2024-08-16 11:20:43.687+0000 - 8.000KiB
                                                                [neo4j/9b130fe2]   neostore.relationshipgroupstore.db.id: 2024-08-16 11:20:43.686+0000 - 0B
                                                                [neo4j/9b130fe2]   neostore.relationshipgroupstore.degrees.db: 2024-08-16 11:20:43.702+0000 - 0B
                                                                [neo4j/9b130fe2]   neostore.relationshipstore.db: 2024-08-16 11:20:43.666+0000 - 0B
                                                                [neo4j/9b130fe2]   neostore.relationshipstore.db.id: 2024-08-16 11:20:43.666+0000 - 0B
                                                                [neo4j/9b130fe2]   neostore.relationshiptypestore.db: 2024-08-16 11:20:43.672+0000 - 0B
                                                                [neo4j/9b130fe2]   neostore.relationshiptypestore.db.id: 2024-08-16 11:20:43.671+0000 - 0B
                                                                [neo4j/9b130fe2]   neostore.relationshiptypestore.db.names: 2024-08-16 11:20:43.667+0000 - 8.000KiB
                                                                [neo4j/9b130fe2]   neostore.relationshiptypestore.db.names.id: 2024-08-16 11:20:43.666+0000 - 0B
                                                                [neo4j/9b130fe2]   neostore.schemastore.db: 2024-08-16 11:20:43.680+0000 - 8.000KiB
                                                                [neo4j/9b130fe2]   neostore.schemastore.db.id: 2024-08-16 11:20:43.679+0000 - 0B
                                                                [neo4j/9b130fe2] Storage summary: 
                                                                [neo4j/9b130fe2]   Total size of store: 72.00KiB
                                                                [neo4j/9b130fe2]   Total size of mapped files: 72.00KiB
                                                                [neo4j/9b130fe2] 
                                                                [neo4j/9b130fe2] --------------------------------------------------------------------------------
                                                                [neo4j/9b130fe2]                               [ Transaction log ]                               
                                                                [neo4j/9b130fe2] --------------------------------------------------------------------------------
                                                                [neo4j/9b130fe2] Transaction log files stored on file store: ext4
                                                                [neo4j/9b130fe2] Transaction log metadata:
                                                                [neo4j/9b130fe2]  - current kernel version used in transactions: V5_9
                                                                [neo4j/9b130fe2]  - last committed transaction id: 1
                                                                [neo4j/9b130fe2] Transaction log files:
                                                                [neo4j/9b130fe2]  - existing transaction log versions: -1--1
                                                                [neo4j/9b130fe2]  - no transactions found
                                                                [neo4j/9b130fe2] Checkpoint log files:
                                                                [neo4j/9b130fe2]  - existing checkpoint log versions: -1--1
                                                                [neo4j/9b130fe2]  - no checkpoints found
                                                                [neo4j/9b130fe2] 
                                                                [neo4j/9b130fe2] --------------------------------------------------------------------------------
                                                                [neo4j/9b130fe2]                                   [ Id usage ]                                  
                                                                [neo4j/9b130fe2] --------------------------------------------------------------------------------
                                                                [neo4j/9b130fe2] ArrayPropertyStore[neostore.nodestore.db.labels]: used=1 high=0
                                                                [neo4j/9b130fe2] NodeStore[neostore.nodestore.db]: used=0 high=-1
                                                                [neo4j/9b130fe2] StringPropertyStore[neostore.propertystore.db.index.keys]: used=1 high=0
                                                                [neo4j/9b130fe2] PropertyIndexStore[neostore.propertystore.db.index]: used=0 high=-1
                                                                [neo4j/9b130fe2] StringPropertyStore[neostore.propertystore.db.strings]: used=1 high=0
                                                                [neo4j/9b130fe2] ArrayPropertyStore[neostore.propertystore.db.arrays]: used=1 high=0
                                                                [neo4j/9b130fe2] PropertyStore[neostore.propertystore.db]: used=0 high=-1
                                                                [neo4j/9b130fe2] RelationshipStore[neostore.relationshipstore.db]: used=0 high=-1
                                                                [neo4j/9b130fe2] StringPropertyStore[neostore.relationshiptypestore.db.names]: used=1 high=0
                                                                [neo4j/9b130fe2] RelationshipTypeStore[neostore.relationshiptypestore.db]: used=0 high=-1
                                                                [neo4j/9b130fe2] StringPropertyStore[neostore.labeltokenstore.db.names]: used=1 high=0
                                                                [neo4j/9b130fe2] LabelTokenStore[neostore.labeltokenstore.db]: used=0 high=-1
                                                                [neo4j/9b130fe2] SchemaStore[neostore.schemastore.db]: used=1 high=0
                                                                [neo4j/9b130fe2] RelationshipGroupStore[neostore.relationshipgroupstore.db]: used=1 high=0
                                                                [neo4j/9b130fe2] NeoStore[neostore]: used=-1 high=-1
                                                                [neo4j/9b130fe2] 
                                                                [neo4j/9b130fe2] --------------------------------------------------------------------------------
                                                                [neo4j/9b130fe2]                                   [ Metadata ]                                  
                                                                [neo4j/9b130fe2] --------------------------------------------------------------------------------
                                                                [neo4j/9b130fe2] EXTERNAL_STORE_UUID (Database identifier exposed as external store identity. Generated on creation and never updated): af155fdc-b2cb-4903-9550-0c6e1c3111e4
                                                                [neo4j/9b130fe2] DATABASE_ID (The last used DatabaseId for this database): null
                                                                [neo4j/9b130fe2] LEGACY_STORE_VERSION (Legacy store format version. This field is used from 5.0 onwards only to distinguish non-migrated pre 5.0 metadata stores.): -3523014627327384477
                                                                [neo4j/9b130fe2] STORE_ID (Store ID): StoreId{creationTime=1723807243694, random=6793648274496324964, storageEngineName='record', formatName='aligned', majorVersion=1, minorVersion=1}
                                                                [neo4j/9b130fe2] 
2024-08-16 11:20:43.718+0000 INFO  [o.n.k.a.DatabaseAvailabilityGuard] [neo4j/9b130fe2] Requirement `Database unavailable` makes database neo4j unavailable.
2024-08-16 11:20:43.718+0000 INFO  [o.n.k.a.DatabaseAvailabilityGuard] [neo4j/9b130fe2] DatabaseId{9b130fe2[neo4j]} is unavailable.
2024-08-16 11:20:43.721+0000 WARN  [o.n.k.i.s.MetaDataStore] [neo4j/9b130fe2] Missing counts store, rebuilding it.
2024-08-16 11:20:43.721+0000 WARN  [o.n.k.i.s.MetaDataStore] [neo4j/9b130fe2] Counts store rebuild completed.
2024-08-16 11:20:43.721+0000 WARN  [o.n.k.i.t.l.f.LogFileChannelNativeAccessor] [neo4j/9b130fe2] Error on attempt to preallocate log file version: 0. Error: ErrorCode=-1, errorMessage='Incorrect file descriptor.'
2024-08-16 11:20:43.724+0000 INFO  [o.n.k.d.Database] [neo4j/9b130fe2] Starting transaction log [/var/lib/neo4j/data/transactions/neo4j/neostore.transaction.db.0] at version=0
2024-08-16 11:20:43.726+0000 WARN  [o.n.k.i.t.l.f.c.CheckpointFileChannelNativeAccessor] [neo4j/9b130fe2] Error on attempt to preallocate log file version: 0. Error: ErrorCode=-1, errorMessage='Incorrect file descriptor.'
2024-08-16 11:20:43.729+0000 INFO  [o.n.k.d.Database] [neo4j/9b130fe2] Starting transaction log [/var/lib/neo4j/data/transactions/neo4j/checkpoint.0] at version=0
2024-08-16 11:20:43.729+0000 WARN  [o.n.k.i.t.l.f.c.CheckpointFileChannelNativeAccessor] [neo4j/9b130fe2] Unable to advise sequential access for transaction log version: 0. Error: ErrorCode=-1, errorMessage='Incorrect file descriptor.'
2024-08-16 11:20:43.730+0000 WARN  [o.n.k.i.t.l.f.c.CheckpointFileChannelNativeAccessor] [neo4j/9b130fe2] Unable to advise preserve data in cache for transaction log version: 0. Error: ErrorCode=-1, errorMessage='Incorrect file descriptor.'
2024-08-16 11:20:43.730+0000 INFO  [o.n.k.i.t.l.f.c.CheckpointLogFile] [neo4j/9b130fe2] Scanning log file with version 0 for checkpoint entries
2024-08-16 11:20:43.730+0000 WARN  [o.n.k.i.t.l.f.c.CheckpointFileChannelNativeAccessor] [neo4j/9b130fe2] Unable to evict transaction log from cache with version: 0. Error: ErrorCode=-1, errorMessage='Incorrect file descriptor.'
2024-08-16 11:20:43.730+0000 WARN  [o.n.k.i.t.l.f.LogFileChannelNativeAccessor] [neo4j/9b130fe2] Unable to advise sequential access for transaction log version: 0. Error: ErrorCode=-1, errorMessage='Incorrect file descriptor.'
2024-08-16 11:20:43.730+0000 WARN  [o.n.k.i.t.l.f.LogFileChannelNativeAccessor] [neo4j/9b130fe2] Unable to advise preserve data in cache for transaction log version: 0. Error: ErrorCode=-1, errorMessage='Incorrect file descriptor.'
2024-08-16 11:20:43.730+0000 WARN  [o.n.k.i.t.l.f.LogFileChannelNativeAccessor] [neo4j/9b130fe2] Unable to evict transaction log from cache with version: 0. Error: ErrorCode=-1, errorMessage='Incorrect file descriptor.'
2024-08-16 11:20:43.731+0000 WARN  [o.n.k.i.t.l.f.LogFileChannelNativeAccessor] [neo4j/9b130fe2] Unable to advise sequential access for transaction log version: 0. Error: ErrorCode=-1, errorMessage='Incorrect file descriptor.'
2024-08-16 11:20:43.731+0000 WARN  [o.n.k.i.t.l.f.LogFileChannelNativeAccessor] [neo4j/9b130fe2] Unable to advise preserve data in cache for transaction log version: 0. Error: ErrorCode=-1, errorMessage='Incorrect file descriptor.'
2024-08-16 11:20:43.731+0000 WARN  [o.n.k.i.t.l.f.LogFileChannelNativeAccessor] [neo4j/9b130fe2] Unable to evict transaction log from cache with version: 0. Error: ErrorCode=-1, errorMessage='Incorrect file descriptor.'
2024-08-16 11:20:43.732+0000 INFO  [o.n.k.a.DatabaseAvailabilityGuard] [neo4j/9b130fe2] Fulfilling of requirement 'Database unavailable' makes database neo4j available.
2024-08-16 11:20:43.732+0000 INFO  [o.n.k.a.DatabaseAvailabilityGuard] [neo4j/9b130fe2] DatabaseId{9b130fe2[neo4j]} is ready.
2024-08-16 11:20:43.742+0000 INFO  [o.n.k.i.a.i.IndexPopulationJob] [neo4j/9b130fe2] Index population started: [Index( id=1, name='index_343aff4e', type='LOOKUP', schema=(:<any-labels>), indexProvider='token-lookup-1.0' )]
2024-08-16 11:20:43.761+0000 INFO  [o.n.k.i.a.i.IndexPopulationJob] [neo4j/9b130fe2] Index creation finished for index [Index( id=1, name='index_343aff4e', type='LOOKUP', schema=(:<any-labels>), indexProvider='token-lookup-1.0' )].
2024-08-16 11:20:43.763+0000 INFO  [o.n.k.i.a.i.IndexPopulationJob] [neo4j/9b130fe2] Index population started: [Index( id=2, name='index_f7700477', type='LOOKUP', schema=()-[:<any-types>]-(), indexProvider='token-lookup-1.0' )]
2024-08-16 11:20:43.770+0000 INFO  [o.n.k.i.a.i.IndexPopulationJob] [neo4j/9b130fe2] Index creation finished for index [Index( id=2, name='index_f7700477', type='LOOKUP', schema=()-[:<any-types>]-(), indexProvider='token-lookup-1.0' )].
2024-08-16 11:20:43.823+0000 INFO  [o.n.b.p.c.c.n.SocketNettyConnector] Bolt enabled on 0.0.0.0:7687.
2024-08-16 11:20:43.823+0000 INFO  [o.n.b.BoltServer] Bolt server started
2024-08-16 11:20:43.823+0000 INFO  [o.n.s.A.ServerComponentsLifecycleAdapter] Starting web server
2024-08-16 11:20:44.602+0000 INFO  [o.n.s.CommunityNeoWebServer] Remote interface available at http://localhost:7474/
2024-08-16 11:20:44.602+0000 INFO  [o.n.s.A.ServerComponentsLifecycleAdapter] Web server started.
2024-08-16 11:20:44.606+0000 INFO  [o.n.g.f.DatabaseManagementServiceFactory] id: FD9F2F89A02199A0A9EBB4A60B8A9F59E7FF344C4EF02E9931DA2D4D15F27FFA
2024-08-16 11:20:44.606+0000 INFO  [o.n.g.f.DatabaseManagementServiceFactory] name: system
2024-08-16 11:20:44.606+0000 INFO  [o.n.g.f.DatabaseManagementServiceFactory] creationDate: 2024-08-16T11:20:42.513Z
2024-08-16 11:21:22.557+0000 ERROR [o.n.b.p.c.h.ProtocolHandshakeHandler] Fatal error occurred during protocol handshaking: [id: 0x93b026d7, L:/172.18.0.2:7687 - R:/192.168.217.1:54955]
java.lang.NullPointerException: Cannot read the array length because "array" is null
	at io.netty.buffer.Unpooled.copiedBuffer(Unpooled.java:363) ~[netty-buffer-4.1.92.Final.jar:4.1.92.Final]
	at org.neo4j.bolt.protocol.common.handler.DiscoveryResponseHandler.channelRead(DiscoveryResponseHandler.java:58) ~[neo4j-bolt-5.9.0.jar:5.9.0]
	at io.netty.channel.AbstractChannelHandlerContext.invokeChannelRead(AbstractChannelHandlerContext.java:444) [netty-transport-4.1.92.Final.jar:4.1.92.Final]
	at io.netty.channel.AbstractChannelHandlerContext.invokeChannelRead(AbstractChannelHandlerContext.java:420) [netty-transport-4.1.92.Final.jar:4.1.92.Final]
	at io.netty.channel.AbstractChannelHandlerContext.fireChannelRead(AbstractChannelHandlerContext.java:412) [netty-transport-4.1.92.Final.jar:4.1.92.Final]
	at io.netty.handler.codec.MessageToMessageDecoder.channelRead(MessageToMessageDecoder.java:103) [netty-codec-4.1.92.Final.jar:4.1.92.Final]
	at io.netty.channel.AbstractChannelHandlerContext.invokeChannelRead(AbstractChannelHandlerContext.java:444) [netty-transport-4.1.92.Final.jar:4.1.92.Final]
	at io.netty.channel.AbstractChannelHandlerContext.invokeChannelRead(AbstractChannelHandlerContext.java:420) [netty-transport-4.1.92.Final.jar:4.1.92.Final]
	at io.netty.channel.AbstractChannelHandlerContext.fireChannelRead(AbstractChannelHandlerContext.java:412) [netty-transport-4.1.92.Final.jar:4.1.92.Final]
	at io.netty.channel.CombinedChannelDuplexHandler$DelegatingChannelHandlerContext.fireChannelRead(CombinedChannelDuplexHandler.java:436) [netty-transport-4.1.92.Final.jar:4.1.92.Final]
	at io.netty.handler.codec.ByteToMessageDecoder.fireChannelRead(ByteToMessageDecoder.java:346) [netty-codec-4.1.92.Final.jar:4.1.92.Final]
	at io.netty.handler.codec.ByteToMessageDecoder.channelRead(ByteToMessageDecoder.java:318) [netty-codec-4.1.92.Final.jar:4.1.92.Final]
	at io.netty.channel.CombinedChannelDuplexHandler.channelRead(CombinedChannelDuplexHandler.java:251) [netty-transport-4.1.92.Final.jar:4.1.92.Final]
	at io.netty.channel.AbstractChannelHandlerContext.invokeChannelRead(AbstractChannelHandlerContext.java:442) [netty-transport-4.1.92.Final.jar:4.1.92.Final]
	at io.netty.channel.AbstractChannelHandlerContext.invokeChannelRead(AbstractChannelHandlerContext.java:420) [netty-transport-4.1.92.Final.jar:4.1.92.Final]
	at io.netty.channel.AbstractChannelHandlerContext.fireChannelRead(AbstractChannelHandlerContext.java:412) [netty-transport-4.1.92.Final.jar:4.1.92.Final]
	at io.netty.handler.codec.ByteToMessageDecoder.handlerRemoved(ByteToMessageDecoder.java:266) [netty-codec-4.1.92.Final.jar:4.1.92.Final]
	at io.netty.handler.codec.ByteToMessageDecoder.decodeRemovalReentryProtection(ByteToMessageDecoder.java:536) [netty-codec-4.1.92.Final.jar:4.1.92.Final]
	at io.netty.handler.codec.ByteToMessageDecoder.callDecode(ByteToMessageDecoder.java:468) [netty-codec-4.1.92.Final.jar:4.1.92.Final]
	at io.netty.handler.codec.ByteToMessageDecoder.channelRead(ByteToMessageDecoder.java:290) [netty-codec-4.1.92.Final.jar:4.1.92.Final]
	at io.netty.channel.AbstractChannelHandlerContext.invokeChannelRead(AbstractChannelHandlerContext.java:444) [netty-transport-4.1.92.Final.jar:4.1.92.Final]
	at io.netty.channel.AbstractChannelHandlerContext.invokeChannelRead(AbstractChannelHandlerContext.java:420) [netty-transport-4.1.92.Final.jar:4.1.92.Final]
	at io.netty.channel.AbstractChannelHandlerContext.fireChannelRead(AbstractChannelHandlerContext.java:412) [netty-transport-4.1.92.Final.jar:4.1.92.Final]
	at io.netty.channel.DefaultChannelPipeline$HeadContext.channelRead(DefaultChannelPipeline.java:1410) [netty-transport-4.1.92.Final.jar:4.1.92.Final]
	at io.netty.channel.AbstractChannelHandlerContext.invokeChannelRead(AbstractChannelHandlerContext.java:440) [netty-transport-4.1.92.Final.jar:4.1.92.Final]
	at io.netty.channel.AbstractChannelHandlerContext.invokeChannelRead(AbstractChannelHandlerContext.java:420) [netty-transport-4.1.92.Final.jar:4.1.92.Final]
	at io.netty.channel.DefaultChannelPipeline.fireChannelRead(DefaultChannelPipeline.java:919) [netty-transport-4.1.92.Final.jar:4.1.92.Final]
	at io.netty.channel.epoll.AbstractEpollStreamChannel$EpollStreamUnsafe.epollInReady(AbstractEpollStreamChannel.java:800) [netty-transport-classes-epoll-4.1.92.Final.jar:4.1.92.Final]
	at io.netty.channel.epoll.EpollEventLoop.processReady(EpollEventLoop.java:499) [netty-transport-classes-epoll-4.1.92.Final.jar:4.1.92.Final]
	at io.netty.channel.epoll.EpollEventLoop.run(EpollEventLoop.java:397) [netty-transport-classes-epoll-4.1.92.Final.jar:4.1.92.Final]
	at io.netty.util.concurrent.SingleThreadEventExecutor$4.run(SingleThreadEventExecutor.java:997) [netty-common-4.1.92.Final.jar:4.1.92.Final]
	at io.netty.util.internal.ThreadExecutorMap$2.run(ThreadExecutorMap.java:74) [netty-common-4.1.92.Final.jar:4.1.92.Final]
	at io.netty.util.concurrent.FastThreadLocalRunnable.run(FastThreadLocalRunnable.java:30) [netty-common-4.1.92.Final.jar:4.1.92.Final]
	at java.lang.Thread.run(Thread.java:833) [?:?]
2024-08-16 11:21:23.599+0000 ERROR [o.n.b.p.c.h.ProtocolHandshakeHandler] Fatal error occurred during protocol handshaking: [id: 0x833e3b7c, L:/172.18.0.2:7687 - R:/192.168.217.1:54957]
java.lang.NullPointerException: Cannot read the array length because "array" is null
	at io.netty.buffer.Unpooled.copiedBuffer(Unpooled.java:363) ~[netty-buffer-4.1.92.Final.jar:4.1.92.Final]
	at org.neo4j.bolt.protocol.common.handler.DiscoveryResponseHandler.channelRead(DiscoveryResponseHandler.java:58) ~[neo4j-bolt-5.9.0.jar:5.9.0]
	at io.netty.channel.AbstractChannelHandlerContext.invokeChannelRead(AbstractChannelHandlerContext.java:444) [netty-transport-4.1.92.Final.jar:4.1.92.Final]
	at io.netty.channel.AbstractChannelHandlerContext.invokeChannelRead(AbstractChannelHandlerContext.java:420) [netty-transport-4.1.92.Final.jar:4.1.92.Final]
	at io.netty.channel.AbstractChannelHandlerContext.fireChannelRead(AbstractChannelHandlerContext.java:412) [netty-transport-4.1.92.Final.jar:4.1.92.Final]
	at io.netty.handler.codec.MessageToMessageDecoder.channelRead(MessageToMessageDecoder.java:103) [netty-codec-4.1.92.Final.jar:4.1.92.Final]
	at io.netty.channel.AbstractChannelHandlerContext.invokeChannelRead(AbstractChannelHandlerContext.java:444) [netty-transport-4.1.92.Final.jar:4.1.92.Final]
	at io.netty.channel.AbstractChannelHandlerContext.invokeChannelRead(AbstractChannelHandlerContext.java:420) [netty-transport-4.1.92.Final.jar:4.1.92.Final]
	at io.netty.channel.AbstractChannelHandlerContext.fireChannelRead(AbstractChannelHandlerContext.java:412) [netty-transport-4.1.92.Final.jar:4.1.92.Final]
	at io.netty.channel.CombinedChannelDuplexHandler$DelegatingChannelHandlerContext.fireChannelRead(CombinedChannelDuplexHandler.java:436) [netty-transport-4.1.92.Final.jar:4.1.92.Final]
	at io.netty.handler.codec.ByteToMessageDecoder.fireChannelRead(ByteToMessageDecoder.java:346) [netty-codec-4.1.92.Final.jar:4.1.92.Final]
	at io.netty.handler.codec.ByteToMessageDecoder.channelRead(ByteToMessageDecoder.java:318) [netty-codec-4.1.92.Final.jar:4.1.92.Final]
	at io.netty.channel.CombinedChannelDuplexHandler.channelRead(CombinedChannelDuplexHandler.java:251) [netty-transport-4.1.92.Final.jar:4.1.92.Final]
	at io.netty.channel.AbstractChannelHandlerContext.invokeChannelRead(AbstractChannelHandlerContext.java:442) [netty-transport-4.1.92.Final.jar:4.1.92.Final]
	at io.netty.channel.AbstractChannelHandlerContext.invokeChannelRead(AbstractChannelHandlerContext.java:420) [netty-transport-4.1.92.Final.jar:4.1.92.Final]
	at io.netty.channel.AbstractChannelHandlerContext.fireChannelRead(AbstractChannelHandlerContext.java:412) [netty-transport-4.1.92.Final.jar:4.1.92.Final]
	at io.netty.handler.codec.ByteToMessageDecoder.handlerRemoved(ByteToMessageDecoder.java:266) [netty-codec-4.1.92.Final.jar:4.1.92.Final]
	at io.netty.handler.codec.ByteToMessageDecoder.decodeRemovalReentryProtection(ByteToMessageDecoder.java:536) [netty-codec-4.1.92.Final.jar:4.1.92.Final]
	at io.netty.handler.codec.ByteToMessageDecoder.callDecode(ByteToMessageDecoder.java:468) [netty-codec-4.1.92.Final.jar:4.1.92.Final]
	at io.netty.handler.codec.ByteToMessageDecoder.channelRead(ByteToMessageDecoder.java:290) [netty-codec-4.1.92.Final.jar:4.1.92.Final]
	at io.netty.channel.AbstractChannelHandlerContext.invokeChannelRead(AbstractChannelHandlerContext.java:444) [netty-transport-4.1.92.Final.jar:4.1.92.Final]
	at io.netty.channel.AbstractChannelHandlerContext.invokeChannelRead(AbstractChannelHandlerContext.java:420) [netty-transport-4.1.92.Final.jar:4.1.92.Final]
	at io.netty.channel.AbstractChannelHandlerContext.fireChannelRead(AbstractChannelHandlerContext.java:412) [netty-transport-4.1.92.Final.jar:4.1.92.Final]
	at io.netty.channel.DefaultChannelPipeline$HeadContext.channelRead(DefaultChannelPipeline.java:1410) [netty-transport-4.1.92.Final.jar:4.1.92.Final]
	at io.netty.channel.AbstractChannelHandlerContext.invokeChannelRead(AbstractChannelHandlerContext.java:440) [netty-transport-4.1.92.Final.jar:4.1.92.Final]
	at io.netty.channel.AbstractChannelHandlerContext.invokeChannelRead(AbstractChannelHandlerContext.java:420) [netty-transport-4.1.92.Final.jar:4.1.92.Final]
	at io.netty.channel.DefaultChannelPipeline.fireChannelRead(DefaultChannelPipeline.java:919) [netty-transport-4.1.92.Final.jar:4.1.92.Final]
	at io.netty.channel.epoll.AbstractEpollStreamChannel$EpollStreamUnsafe.epollInReady(AbstractEpollStreamChannel.java:800) [netty-transport-classes-epoll-4.1.92.Final.jar:4.1.92.Final]
	at io.netty.channel.epoll.EpollEventLoop.processReady(EpollEventLoop.java:499) [netty-transport-classes-epoll-4.1.92.Final.jar:4.1.92.Final]
	at io.netty.channel.epoll.EpollEventLoop.run(EpollEventLoop.java:397) [netty-transport-classes-epoll-4.1.92.Final.jar:4.1.92.Final]
	at io.netty.util.concurrent.SingleThreadEventExecutor$4.run(SingleThreadEventExecutor.java:997) [netty-common-4.1.92.Final.jar:4.1.92.Final]
	at io.netty.util.internal.ThreadExecutorMap$2.run(ThreadExecutorMap.java:74) [netty-common-4.1.92.Final.jar:4.1.92.Final]
	at io.netty.util.concurrent.FastThreadLocalRunnable.run(FastThreadLocalRunnable.java:30) [netty-common-4.1.92.Final.jar:4.1.92.Final]
	at java.lang.Thread.run(Thread.java:833) [?:?]
2024-08-16 11:21:23.606+0000 ERROR [o.n.b.p.c.h.ProtocolHandshakeHandler] Fatal error occurred during protocol handshaking: [id: 0xab74eb54, L:/172.18.0.2:7687 - R:/192.168.217.1:54964]
java.lang.NullPointerException: Cannot read the array length because "array" is null
	at io.netty.buffer.Unpooled.copiedBuffer(Unpooled.java:363) ~[netty-buffer-4.1.92.Final.jar:4.1.92.Final]
	at org.neo4j.bolt.protocol.common.handler.DiscoveryResponseHandler.channelRead(DiscoveryResponseHandler.java:58) ~[neo4j-bolt-5.9.0.jar:5.9.0]
	at io.netty.channel.AbstractChannelHandlerContext.invokeChannelRead(AbstractChannelHandlerContext.java:444) [netty-transport-4.1.92.Final.jar:4.1.92.Final]
	at io.netty.channel.AbstractChannelHandlerContext.invokeChannelRead(AbstractChannelHandlerContext.java:420) [netty-transport-4.1.92.Final.jar:4.1.92.Final]
	at io.netty.channel.AbstractChannelHandlerContext.fireChannelRead(AbstractChannelHandlerContext.java:412) [netty-transport-4.1.92.Final.jar:4.1.92.Final]
	at io.netty.handler.codec.MessageToMessageDecoder.channelRead(MessageToMessageDecoder.java:103) [netty-codec-4.1.92.Final.jar:4.1.92.Final]
	at io.netty.channel.AbstractChannelHandlerContext.invokeChannelRead(AbstractChannelHandlerContext.java:444) [netty-transport-4.1.92.Final.jar:4.1.92.Final]
	at io.netty.channel.AbstractChannelHandlerContext.invokeChannelRead(AbstractChannelHandlerContext.java:420) [netty-transport-4.1.92.Final.jar:4.1.92.Final]
	at io.netty.channel.AbstractChannelHandlerContext.fireChannelRead(AbstractChannelHandlerContext.java:412) [netty-transport-4.1.92.Final.jar:4.1.92.Final]
	at io.netty.channel.CombinedChannelDuplexHandler$DelegatingChannelHandlerContext.fireChannelRead(CombinedChannelDuplexHandler.java:436) [netty-transport-4.1.92.Final.jar:4.1.92.Final]
	at io.netty.handler.codec.ByteToMessageDecoder.fireChannelRead(ByteToMessageDecoder.java:346) [netty-codec-4.1.92.Final.jar:4.1.92.Final]
	at io.netty.handler.codec.ByteToMessageDecoder.channelRead(ByteToMessageDecoder.java:318) [netty-codec-4.1.92.Final.jar:4.1.92.Final]
	at io.netty.channel.CombinedChannelDuplexHandler.channelRead(CombinedChannelDuplexHandler.java:251) [netty-transport-4.1.92.Final.jar:4.1.92.Final]
	at io.netty.channel.AbstractChannelHandlerContext.invokeChannelRead(AbstractChannelHandlerContext.java:442) [netty-transport-4.1.92.Final.jar:4.1.92.Final]
	at io.netty.channel.AbstractChannelHandlerContext.invokeChannelRead(AbstractChannelHandlerContext.java:420) [netty-transport-4.1.92.Final.jar:4.1.92.Final]
	at io.netty.channel.AbstractChannelHandlerContext.fireChannelRead(AbstractChannelHandlerContext.java:412) [netty-transport-4.1.92.Final.jar:4.1.92.Final]
	at io.netty.handler.codec.ByteToMessageDecoder.handlerRemoved(ByteToMessageDecoder.java:266) [netty-codec-4.1.92.Final.jar:4.1.92.Final]
	at io.netty.handler.codec.ByteToMessageDecoder.decodeRemovalReentryProtection(ByteToMessageDecoder.java:536) [netty-codec-4.1.92.Final.jar:4.1.92.Final]
	at io.netty.handler.codec.ByteToMessageDecoder.callDecode(ByteToMessageDecoder.java:468) [netty-codec-4.1.92.Final.jar:4.1.92.Final]
	at io.netty.handler.codec.ByteToMessageDecoder.channelRead(ByteToMessageDecoder.java:290) [netty-codec-4.1.92.Final.jar:4.1.92.Final]
	at io.netty.channel.AbstractChannelHandlerContext.invokeChannelRead(AbstractChannelHandlerContext.java:444) [netty-transport-4.1.92.Final.jar:4.1.92.Final]
	at io.netty.channel.AbstractChannelHandlerContext.invokeChannelRead(AbstractChannelHandlerContext.java:420) [netty-transport-4.1.92.Final.jar:4.1.92.Final]
	at io.netty.channel.AbstractChannelHandlerContext.fireChannelRead(AbstractChannelHandlerContext.java:412) [netty-transport-4.1.92.Final.jar:4.1.92.Final]
	at io.netty.channel.DefaultChannelPipeline$HeadContext.channelRead(DefaultChannelPipeline.java:1410) [netty-transport-4.1.92.Final.jar:4.1.92.Final]
	at io.netty.channel.AbstractChannelHandlerContext.invokeChannelRead(AbstractChannelHandlerContext.java:440) [netty-transport-4.1.92.Final.jar:4.1.92.Final]
	at io.netty.channel.AbstractChannelHandlerContext.invokeChannelRead(AbstractChannelHandlerContext.java:420) [netty-transport-4.1.92.Final.jar:4.1.92.Final]
	at io.netty.channel.DefaultChannelPipeline.fireChannelRead(DefaultChannelPipeline.java:919) [netty-transport-4.1.92.Final.jar:4.1.92.Final]
	at io.netty.channel.epoll.AbstractEpollStreamChannel$EpollStreamUnsafe.epollInReady(AbstractEpollStreamChannel.java:800) [netty-transport-classes-epoll-4.1.92.Final.jar:4.1.92.Final]
	at io.netty.channel.epoll.EpollEventLoop.processReady(EpollEventLoop.java:499) [netty-transport-classes-epoll-4.1.92.Final.jar:4.1.92.Final]
	at io.netty.channel.epoll.EpollEventLoop.run(EpollEventLoop.java:397) [netty-transport-classes-epoll-4.1.92.Final.jar:4.1.92.Final]
	at io.netty.util.concurrent.SingleThreadEventExecutor$4.run(SingleThreadEventExecutor.java:997) [netty-common-4.1.92.Final.jar:4.1.92.Final]
	at io.netty.util.internal.ThreadExecutorMap$2.run(ThreadExecutorMap.java:74) [netty-common-4.1.92.Final.jar:4.1.92.Final]
	at io.netty.util.concurrent.FastThreadLocalRunnable.run(FastThreadLocalRunnable.java:30) [netty-common-4.1.92.Final.jar:4.1.92.Final]
	at java.lang.Thread.run(Thread.java:833) [?:?]
2024-08-16 11:21:23.615+0000 ERROR [o.n.b.p.c.h.ProtocolHandshakeHandler] Fatal error occurred during protocol handshaking: [id: 0x3c396576, L:/172.18.0.2:7687 - R:/192.168.217.1:54965]
java.lang.NullPointerException: Cannot read the array length because "array" is null
	at io.netty.buffer.Unpooled.copiedBuffer(Unpooled.java:363) ~[netty-buffer-4.1.92.Final.jar:4.1.92.Final]
	at org.neo4j.bolt.protocol.common.handler.DiscoveryResponseHandler.channelRead(DiscoveryResponseHandler.java:58) ~[neo4j-bolt-5.9.0.jar:5.9.0]
	at io.netty.channel.AbstractChannelHandlerContext.invokeChannelRead(AbstractChannelHandlerContext.java:444) [netty-transport-4.1.92.Final.jar:4.1.92.Final]
	at io.netty.channel.AbstractChannelHandlerContext.invokeChannelRead(AbstractChannelHandlerContext.java:420) [netty-transport-4.1.92.Final.jar:4.1.92.Final]
	at io.netty.channel.AbstractChannelHandlerContext.fireChannelRead(AbstractChannelHandlerContext.java:412) [netty-transport-4.1.92.Final.jar:4.1.92.Final]
	at io.netty.handler.codec.MessageToMessageDecoder.channelRead(MessageToMessageDecoder.java:103) [netty-codec-4.1.92.Final.jar:4.1.92.Final]
	at io.netty.channel.AbstractChannelHandlerContext.invokeChannelRead(AbstractChannelHandlerContext.java:444) [netty-transport-4.1.92.Final.jar:4.1.92.Final]
	at io.netty.channel.AbstractChannelHandlerContext.invokeChannelRead(AbstractChannelHandlerContext.java:420) [netty-transport-4.1.92.Final.jar:4.1.92.Final]
	at io.netty.channel.AbstractChannelHandlerContext.fireChannelRead(AbstractChannelHandlerContext.java:412) [netty-transport-4.1.92.Final.jar:4.1.92.Final]
	at io.netty.channel.CombinedChannelDuplexHandler$DelegatingChannelHandlerContext.fireChannelRead(CombinedChannelDuplexHandler.java:436) [netty-transport-4.1.92.Final.jar:4.1.92.Final]
	at io.netty.handler.codec.ByteToMessageDecoder.fireChannelRead(ByteToMessageDecoder.java:346) [netty-codec-4.1.92.Final.jar:4.1.92.Final]
	at io.netty.handler.codec.ByteToMessageDecoder.channelRead(ByteToMessageDecoder.java:318) [netty-codec-4.1.92.Final.jar:4.1.92.Final]
	at io.netty.channel.CombinedChannelDuplexHandler.channelRead(CombinedChannelDuplexHandler.java:251) [netty-transport-4.1.92.Final.jar:4.1.92.Final]
	at io.netty.channel.AbstractChannelHandlerContext.invokeChannelRead(AbstractChannelHandlerContext.java:442) [netty-transport-4.1.92.Final.jar:4.1.92.Final]
	at io.netty.channel.AbstractChannelHandlerContext.invokeChannelRead(AbstractChannelHandlerContext.java:420) [netty-transport-4.1.92.Final.jar:4.1.92.Final]
	at io.netty.channel.AbstractChannelHandlerContext.fireChannelRead(AbstractChannelHandlerContext.java:412) [netty-transport-4.1.92.Final.jar:4.1.92.Final]
	at io.netty.handler.codec.ByteToMessageDecoder.handlerRemoved(ByteToMessageDecoder.java:266) [netty-codec-4.1.92.Final.jar:4.1.92.Final]
	at io.netty.handler.codec.ByteToMessageDecoder.decodeRemovalReentryProtection(ByteToMessageDecoder.java:536) [netty-codec-4.1.92.Final.jar:4.1.92.Final]
	at io.netty.handler.codec.ByteToMessageDecoder.callDecode(ByteToMessageDecoder.java:468) [netty-codec-4.1.92.Final.jar:4.1.92.Final]
	at io.netty.handler.codec.ByteToMessageDecoder.channelRead(ByteToMessageDecoder.java:290) [netty-codec-4.1.92.Final.jar:4.1.92.Final]
	at io.netty.channel.AbstractChannelHandlerContext.invokeChannelRead(AbstractChannelHandlerContext.java:444) [netty-transport-4.1.92.Final.jar:4.1.92.Final]
	at io.netty.channel.AbstractChannelHandlerContext.invokeChannelRead(AbstractChannelHandlerContext.java:420) [netty-transport-4.1.92.Final.jar:4.1.92.Final]
	at io.netty.channel.AbstractChannelHandlerContext.fireChannelRead(AbstractChannelHandlerContext.java:412) [netty-transport-4.1.92.Final.jar:4.1.92.Final]
	at io.netty.channel.DefaultChannelPipeline$HeadContext.channelRead(DefaultChannelPipeline.java:1410) [netty-transport-4.1.92.Final.jar:4.1.92.Final]
	at io.netty.channel.AbstractChannelHandlerContext.invokeChannelRead(AbstractChannelHandlerContext.java:440) [netty-transport-4.1.92.Final.jar:4.1.92.Final]
	at io.netty.channel.AbstractChannelHandlerContext.invokeChannelRead(AbstractChannelHandlerContext.java:420) [netty-transport-4.1.92.Final.jar:4.1.92.Final]
	at io.netty.channel.DefaultChannelPipeline.fireChannelRead(DefaultChannelPipeline.java:919) [netty-transport-4.1.92.Final.jar:4.1.92.Final]
	at io.netty.channel.epoll.AbstractEpollStreamChannel$EpollStreamUnsafe.epollInReady(AbstractEpollStreamChannel.java:800) [netty-transport-classes-epoll-4.1.92.Final.jar:4.1.92.Final]
	at io.netty.channel.epoll.EpollEventLoop.processReady(EpollEventLoop.java:499) [netty-transport-classes-epoll-4.1.92.Final.jar:4.1.92.Final]
	at io.netty.channel.epoll.EpollEventLoop.run(EpollEventLoop.java:397) [netty-transport-classes-epoll-4.1.92.Final.jar:4.1.92.Final]
	at io.netty.util.concurrent.SingleThreadEventExecutor$4.run(SingleThreadEventExecutor.java:997) [netty-common-4.1.92.Final.jar:4.1.92.Final]
	at io.netty.util.internal.ThreadExecutorMap$2.run(ThreadExecutorMap.java:74) [netty-common-4.1.92.Final.jar:4.1.92.Final]
	at io.netty.util.concurrent.FastThreadLocalRunnable.run(FastThreadLocalRunnable.java:30) [netty-common-4.1.92.Final.jar:4.1.92.Final]
	at java.lang.Thread.run(Thread.java:833) [?:?]
2024-08-16 11:21:43.398+0000 ERROR [o.n.b.p.c.h.ProtocolHandshakeHandler] Fatal error occurred during protocol handshaking: [id: 0xc0c6b024, L:/172.18.0.2:7687 - R:/192.168.217.1:55007]
java.lang.NullPointerException: Cannot read the array length because "array" is null
	at io.netty.buffer.Unpooled.copiedBuffer(Unpooled.java:363) ~[netty-buffer-4.1.92.Final.jar:4.1.92.Final]
	at org.neo4j.bolt.protocol.common.handler.DiscoveryResponseHandler.channelRead(DiscoveryResponseHandler.java:58) ~[neo4j-bolt-5.9.0.jar:5.9.0]
	at io.netty.channel.AbstractChannelHandlerContext.invokeChannelRead(AbstractChannelHandlerContext.java:444) [netty-transport-4.1.92.Final.jar:4.1.92.Final]
	at io.netty.channel.AbstractChannelHandlerContext.invokeChannelRead(AbstractChannelHandlerContext.java:420) [netty-transport-4.1.92.Final.jar:4.1.92.Final]
	at io.netty.channel.AbstractChannelHandlerContext.fireChannelRead(AbstractChannelHandlerContext.java:412) [netty-transport-4.1.92.Final.jar:4.1.92.Final]
	at io.netty.handler.codec.MessageToMessageDecoder.channelRead(MessageToMessageDecoder.java:103) [netty-codec-4.1.92.Final.jar:4.1.92.Final]
	at io.netty.channel.AbstractChannelHandlerContext.invokeChannelRead(AbstractChannelHandlerContext.java:444) [netty-transport-4.1.92.Final.jar:4.1.92.Final]
	at io.netty.channel.AbstractChannelHandlerContext.invokeChannelRead(AbstractChannelHandlerContext.java:420) [netty-transport-4.1.92.Final.jar:4.1.92.Final]
	at io.netty.channel.AbstractChannelHandlerContext.fireChannelRead(AbstractChannelHandlerContext.java:412) [netty-transport-4.1.92.Final.jar:4.1.92.Final]
	at io.netty.channel.CombinedChannelDuplexHandler$DelegatingChannelHandlerContext.fireChannelRead(CombinedChannelDuplexHandler.java:436) [netty-transport-4.1.92.Final.jar:4.1.92.Final]
	at io.netty.handler.codec.ByteToMessageDecoder.fireChannelRead(ByteToMessageDecoder.java:346) [netty-codec-4.1.92.Final.jar:4.1.92.Final]
	at io.netty.handler.codec.ByteToMessageDecoder.channelRead(ByteToMessageDecoder.java:318) [netty-codec-4.1.92.Final.jar:4.1.92.Final]
	at io.netty.channel.CombinedChannelDuplexHandler.channelRead(CombinedChannelDuplexHandler.java:251) [netty-transport-4.1.92.Final.jar:4.1.92.Final]
	at io.netty.channel.AbstractChannelHandlerContext.invokeChannelRead(AbstractChannelHandlerContext.java:442) [netty-transport-4.1.92.Final.jar:4.1.92.Final]
	at io.netty.channel.AbstractChannelHandlerContext.invokeChannelRead(AbstractChannelHandlerContext.java:420) [netty-transport-4.1.92.Final.jar:4.1.92.Final]
	at io.netty.channel.AbstractChannelHandlerContext.fireChannelRead(AbstractChannelHandlerContext.java:412) [netty-transport-4.1.92.Final.jar:4.1.92.Final]
	at io.netty.handler.codec.ByteToMessageDecoder.handlerRemoved(ByteToMessageDecoder.java:266) [netty-codec-4.1.92.Final.jar:4.1.92.Final]
	at io.netty.handler.codec.ByteToMessageDecoder.decodeRemovalReentryProtection(ByteToMessageDecoder.java:536) [netty-codec-4.1.92.Final.jar:4.1.92.Final]
	at io.netty.handler.codec.ByteToMessageDecoder.callDecode(ByteToMessageDecoder.java:468) [netty-codec-4.1.92.Final.jar:4.1.92.Final]
	at io.netty.handler.codec.ByteToMessageDecoder.channelRead(ByteToMessageDecoder.java:290) [netty-codec-4.1.92.Final.jar:4.1.92.Final]
	at io.netty.channel.AbstractChannelHandlerContext.invokeChannelRead(AbstractChannelHandlerContext.java:444) [netty-transport-4.1.92.Final.jar:4.1.92.Final]
	at io.netty.channel.AbstractChannelHandlerContext.invokeChannelRead(AbstractChannelHandlerContext.java:420) [netty-transport-4.1.92.Final.jar:4.1.92.Final]
	at io.netty.channel.AbstractChannelHandlerContext.fireChannelRead(AbstractChannelHandlerContext.java:412) [netty-transport-4.1.92.Final.jar:4.1.92.Final]
	at io.netty.channel.DefaultChannelPipeline$HeadContext.channelRead(DefaultChannelPipeline.java:1410) [netty-transport-4.1.92.Final.jar:4.1.92.Final]
	at io.netty.channel.AbstractChannelHandlerContext.invokeChannelRead(AbstractChannelHandlerContext.java:440) [netty-transport-4.1.92.Final.jar:4.1.92.Final]
	at io.netty.channel.AbstractChannelHandlerContext.invokeChannelRead(AbstractChannelHandlerContext.java:420) [netty-transport-4.1.92.Final.jar:4.1.92.Final]
	at io.netty.channel.DefaultChannelPipeline.fireChannelRead(DefaultChannelPipeline.java:919) [netty-transport-4.1.92.Final.jar:4.1.92.Final]
	at io.netty.channel.epoll.AbstractEpollStreamChannel$EpollStreamUnsafe.epollInReady(AbstractEpollStreamChannel.java:800) [netty-transport-classes-epoll-4.1.92.Final.jar:4.1.92.Final]
	at io.netty.channel.epoll.EpollEventLoop.processReady(EpollEventLoop.java:499) [netty-transport-classes-epoll-4.1.92.Final.jar:4.1.92.Final]
	at io.netty.channel.epoll.EpollEventLoop.run(EpollEventLoop.java:397) [netty-transport-classes-epoll-4.1.92.Final.jar:4.1.92.Final]
	at io.netty.util.concurrent.SingleThreadEventExecutor$4.run(SingleThreadEventExecutor.java:997) [netty-common-4.1.92.Final.jar:4.1.92.Final]
	at io.netty.util.internal.ThreadExecutorMap$2.run(ThreadExecutorMap.java:74) [netty-common-4.1.92.Final.jar:4.1.92.Final]
	at io.netty.util.concurrent.FastThreadLocalRunnable.run(FastThreadLocalRunnable.java:30) [netty-common-4.1.92.Final.jar:4.1.92.Final]
	at java.lang.Thread.run(Thread.java:833) [?:?]
2024-08-16 11:22:21.509+0000 ERROR [i.n.u.ResourceLeakDetector] LEAK: ByteBuf.release() was not called before it's garbage-collected. See https://netty.io/wiki/reference-counted-objects.html for more information.
Recent access records: 
Created at:
	io.netty.buffer.AbstractByteBufAllocator.compositeDirectBuffer(AbstractByteBufAllocator.java:224)
	io.netty.buffer.AbstractByteBufAllocator.compositeBuffer(AbstractByteBufAllocator.java:202)
	io.netty.handler.codec.MessageAggregator.decode(MessageAggregator.java:269)
	io.netty.handler.codec.MessageToMessageDecoder.channelRead(MessageToMessageDecoder.java:88)
	io.netty.channel.AbstractChannelHandlerContext.invokeChannelRead(AbstractChannelHandlerContext.java:444)
	io.netty.channel.AbstractChannelHandlerContext.invokeChannelRead(AbstractChannelHandlerContext.java:420)
	io.netty.channel.AbstractChannelHandlerContext.fireChannelRead(AbstractChannelHandlerContext.java:412)
	io.netty.channel.CombinedChannelDuplexHandler$DelegatingChannelHandlerContext.fireChannelRead(CombinedChannelDuplexHandler.java:436)
	io.netty.handler.codec.ByteToMessageDecoder.fireChannelRead(ByteToMessageDecoder.java:346)
	io.netty.handler.codec.ByteToMessageDecoder.channelRead(ByteToMessageDecoder.java:318)
	io.netty.channel.CombinedChannelDuplexHandler.channelRead(CombinedChannelDuplexHandler.java:251)
	io.netty.channel.AbstractChannelHandlerContext.invokeChannelRead(AbstractChannelHandlerContext.java:442)
	io.netty.channel.AbstractChannelHandlerContext.invokeChannelRead(AbstractChannelHandlerContext.java:420)
	io.netty.channel.AbstractChannelHandlerContext.fireChannelRead(AbstractChannelHandlerContext.java:412)
	io.netty.handler.codec.ByteToMessageDecoder.handlerRemoved(ByteToMessageDecoder.java:266)
	io.netty.handler.codec.ByteToMessageDecoder.decodeRemovalReentryProtection(ByteToMessageDecoder.java:536)
	io.netty.handler.codec.ByteToMessageDecoder.callDecode(ByteToMessageDecoder.java:468)
	io.netty.handler.codec.ByteToMessageDecoder.channelRead(ByteToMessageDecoder.java:290)
	io.netty.channel.AbstractChannelHandlerContext.invokeChannelRead(AbstractChannelHandlerContext.java:444)
	io.netty.channel.AbstractChannelHandlerContext.invokeChannelRead(AbstractChannelHandlerContext.java:420)
	io.netty.channel.AbstractChannelHandlerContext.fireChannelRead(AbstractChannelHandlerContext.java:412)
	io.netty.channel.DefaultChannelPipeline$HeadContext.channelRead(DefaultChannelPipeline.java:1410)
	io.netty.channel.AbstractChannelHandlerContext.invokeChannelRead(AbstractChannelHandlerContext.java:440)
	io.netty.channel.AbstractChannelHandlerContext.invokeChannelRead(AbstractChannelHandlerContext.java:420)
	io.netty.channel.DefaultChannelPipeline.fireChannelRead(DefaultChannelPipeline.java:919)
	io.netty.channel.epoll.AbstractEpollStreamChannel$EpollStreamUnsafe.epollInReady(AbstractEpollStreamChannel.java:800)
	io.netty.channel.epoll.EpollEventLoop.processReady(EpollEventLoop.java:499)
	io.netty.channel.epoll.EpollEventLoop.run(EpollEventLoop.java:397)
	io.netty.util.concurrent.SingleThreadEventExecutor$4.run(SingleThreadEventExecutor.java:997)
	io.netty.util.internal.ThreadExecutorMap$2.run(ThreadExecutorMap.java:74)
	io.netty.util.concurrent.FastThreadLocalRunnable.run(FastThreadLocalRunnable.java:30)
	java.base/java.lang.Thread.run(Thread.java:833)
2024-08-16 11:28:10.388+0000 INFO  [o.n.g.f.DatabaseManagementServiceFactory] Shutdown started
2024-08-16 11:28:10.403+0000 INFO  [o.n.b.BoltServer] Requested Bolt server shutdown
2024-08-16 11:28:10.404+0000 INFO  [o.n.b.p.c.c.ConnectionRegistry] Stopping remaining idle connections for connector bolt
2024-08-16 11:28:10.405+0000 INFO  [o.n.b.p.c.c.ConnectionRegistry] Stopped 7 idling connections for connector bolt
2024-08-16 11:28:10.406+0000 INFO  [o.n.d.d.DatabaseLifecycles] Stopping 'DatabaseId{9b130fe2[neo4j]}'.
2024-08-16 11:28:10.407+0000 INFO  [o.n.k.a.DatabaseAvailabilityGuard] [neo4j/9b130fe2] Requirement `Database unavailable` makes database neo4j unavailable.
2024-08-16 11:28:10.407+0000 INFO  [o.n.k.a.DatabaseAvailabilityGuard] [neo4j/9b130fe2] DatabaseId{9b130fe2[neo4j]} is unavailable.
2024-08-16 11:28:10.408+0000 INFO  [o.n.k.d.Database] [neo4j/9b130fe2] Waiting for closing transactions.
2024-08-16 11:28:10.409+0000 INFO  [o.n.k.d.Database] [neo4j/9b130fe2] All transactions are closed.
2024-08-16 11:28:10.410+0000 INFO  [o.n.k.i.t.l.c.CheckPointerImpl] [neo4j/9b130fe2] Checkpoint triggered by "Database shutdown" @ txId: 3 checkpoint started...
2024-08-16 11:28:10.485+0000 INFO  [o.n.k.i.t.l.c.CheckPointerImpl] [neo4j/9b130fe2] Checkpoint triggered by "Database shutdown" @ txId: 3 checkpoint completed in 73ms. Checkpoint flushed 74 pages (0% of total available pages), in 57 IOs. Checkpoint performed with IO limit: unlimited, paused in total 0 times( 0 millis).
2024-08-16 11:28:10.488+0000 INFO  [o.n.k.i.t.l.p.LogPruningImpl] [neo4j/9b130fe2] No log version pruned. The strategy used was '2 days'. 
2024-08-16 11:28:10.495+0000 WARN  [o.n.k.i.t.l.f.c.CheckpointFileChannelNativeAccessor] [neo4j/9b130fe2] Unable to evict transaction log from cache with version: 0. Error: ErrorCode=-1, errorMessage='Incorrect file descriptor.'
2024-08-16 11:28:10.495+0000 WARN  [o.n.k.i.t.l.f.LogFileChannelNativeAccessor] [neo4j/9b130fe2] Unable to evict transaction log from cache with version: 0. Error: ErrorCode=-1, errorMessage='Incorrect file descriptor.'
2024-08-16 11:28:10.528+0000 INFO  [o.n.d.d.DatabaseLifecycles] Stopped 'DatabaseId{9b130fe2[neo4j]}' successfully.
2024-08-16 11:28:10.529+0000 INFO  [o.n.d.d.DatabaseLifecycles] Stopping 'DatabaseId{00000000[system]}'.
2024-08-16 11:28:10.529+0000 INFO  [o.n.k.a.DatabaseAvailabilityGuard] [system/00000000] Requirement `Database unavailable` makes database system unavailable.
2024-08-16 11:28:10.529+0000 INFO  [o.n.k.a.DatabaseAvailabilityGuard] [system/00000000] DatabaseId{00000000[system]} is unavailable.
2024-08-16 11:28:10.530+0000 INFO  [o.n.k.d.Database] [system/00000000] Waiting for closing transactions.
2024-08-16 11:28:10.530+0000 INFO  [o.n.k.d.Database] [system/00000000] All transactions are closed.
2024-08-16 11:28:10.531+0000 INFO  [o.n.k.i.t.l.c.CheckPointerImpl] [system/00000000] Checkpoint triggered by "Database shutdown" @ txId: 37 checkpoint started...
2024-08-16 11:28:10.620+0000 INFO  [o.n.k.i.t.l.c.CheckPointerImpl] [system/00000000] Checkpoint triggered by "Database shutdown" @ txId: 37 checkpoint completed in 89ms. Checkpoint flushed 103 pages (0% of total available pages), in 86 IOs. Checkpoint performed with IO limit: unlimited, paused in total 0 times( 0 millis).
2024-08-16 11:28:10.620+0000 INFO  [o.n.k.i.t.l.p.LogPruningImpl] [system/00000000] No log version pruned. The strategy used was '2 days'. 
2024-08-16 11:28:10.627+0000 WARN  [o.n.k.i.t.l.f.c.CheckpointFileChannelNativeAccessor] [system/00000000] Unable to evict transaction log from cache with version: 0. Error: ErrorCode=-1, errorMessage='Incorrect file descriptor.'
2024-08-16 11:28:10.627+0000 WARN  [o.n.k.i.t.l.f.LogFileChannelNativeAccessor] [system/00000000] Unable to evict transaction log from cache with version: 0. Error: ErrorCode=-1, errorMessage='Incorrect file descriptor.'
2024-08-16 11:28:10.653+0000 INFO  [o.n.d.d.DatabaseLifecycles] Stopped 'DatabaseId{00000000[system]}' successfully.
2024-08-16 11:28:10.655+0000 INFO  [o.n.b.BoltServer] Shutting down Bolt server
2024-08-16 11:28:10.655+0000 INFO  [o.n.b.p.c.c.ConnectionRegistry] Stopping 0 connections for connector bolt
2024-08-16 11:28:10.655+0000 INFO  [o.n.b.p.c.c.ConnectionRegistry] Stopped all remaining connections for connector bolt
2024-08-16 11:28:15.482+0000 INFO  [o.n.b.BoltServer] Bolt server has been shut down
2024-08-30 14:51:18.254+0000 WARN  [o.n.k.i.JvmChecker] The max heap memory has not been configured. It is recommended that it is always explicitly configured, to ensure the system has a balanced configuration. Until then, a JVM computed heuristic of 2069889024 bytes is used instead. If you are running neo4j server, you need to configure server.memory.heap.max_size in neo4j.conf. If you are running neo4j embedded, you have to launch the JVM with -Xmx set to a value. You can run neo4j-admin server memory-recommendation for memory configuration suggestions.
2024-08-30 14:51:18.255+0000 WARN  [o.n.k.i.JvmChecker] The initial heap memory has not been configured. It is recommended that it is always explicitly configured, to ensure the system has a balanced configuration. Until then, a JVM computed heuristic of 130023424 bytes is used instead. If you are running neo4j server, you need to configure server.memory.heap.initial_size in neo4j.conf. If you are running neo4j embedded, you have to launch the JVM with -Xms set to a value. You can run neo4j-admin server memory-recommendation for memory configuration suggestions.
2024-08-30 14:51:18.309+0000 WARN  [o.n.i.p.PageCache] Reflection access to java.nio.DirectByteBuffer is not available, using fallback mode. This could have negative impact on performance and memory usage. Consider adding --add-opens=java.base/java.nio=ALL-UNNAMED to VM options.
2024-08-30 14:51:18.524+0000 INFO  [o.n.i.d.DiagnosticsManager] 
                                                                ********************************************************************************
                                                                                             [ System diagnostics ]                             
                                                                ********************************************************************************
                                                                --------------------------------------------------------------------------------
                                                                                         [ System memory information ]                          
                                                                --------------------------------------------------------------------------------
                                                                Total Physical memory: 7.710GiB
                                                                Free Physical memory: 5.498GiB
                                                                Committed virtual memory: 5.289GiB
                                                                Total swap space: 2.000GiB
                                                                Free swap space: 2.000GiB
                                                                
                                                                --------------------------------------------------------------------------------
                                                                                           [ JVM memory information ]                           
                                                                --------------------------------------------------------------------------------
                                                                Free  memory: 60.06MiB
                                                                Total memory: 84.00MiB
                                                                Max   memory: 1.928GiB
                                                                Garbage Collector: G1 Young Generation: [G1 Eden Space, G1 Survivor Space, G1 Old Gen]
                                                                Garbage Collector: G1 Old Generation: [G1 Eden Space, G1 Survivor Space, G1 Old Gen]
                                                                Memory Pool: CodeHeap 'non-nmethods' (Non-heap memory): committed=2.438MiB, used=1.218MiB, max=5.570MiB, threshold=0B
                                                                Memory Pool: Metaspace (Non-heap memory): committed=21.44MiB, used=21.15MiB, max=-1B, threshold=0B
                                                                Memory Pool: CodeHeap 'profiled nmethods' (Non-heap memory): committed=4.313MiB, used=4.306MiB, max=117.2MiB, threshold=0B
                                                                Memory Pool: Compressed Class Space (Non-heap memory): committed=2.438MiB, used=2.276MiB, max=1.000GiB, threshold=0B
                                                                Memory Pool: G1 Eden Space (Heap memory): committed=61.00MiB, used=2.000MiB, max=-1B, threshold=?
                                                                Memory Pool: G1 Old Gen (Heap memory): committed=20.00MiB, used=19.30MiB, max=1.928GiB, threshold=0B
                                                                Memory Pool: G1 Survivor Space (Heap memory): committed=3.000MiB, used=2.640MiB, max=-1B, threshold=?
                                                                Memory Pool: CodeHeap 'non-profiled nmethods' (Non-heap memory): committed=2.438MiB, used=1.104MiB, max=117.2MiB, threshold=0B
                                                                
                                                                --------------------------------------------------------------------------------
                                                                                        [ Operating system information ]                        
                                                                --------------------------------------------------------------------------------
                                                                Operating System: Linux; version: 6.8.0-40-generic; arch: amd64; cpus: 8
                                                                Max number of file descriptors: 1048576
                                                                Number of open file descriptors: 194
                                                                Process id: 7
                                                                Byte order: LITTLE_ENDIAN
                                                                Local timezone: Etc/UTC
                                                                Memory page size: 4096
                                                                Unaligned memory access allowed: true
                                                                
                                                                --------------------------------------------------------------------------------
                                                                                              [ JVM information ]                               
                                                                --------------------------------------------------------------------------------
                                                                VM Name: OpenJDK 64-Bit Server VM
                                                                VM Vendor: Eclipse Adoptium
                                                                VM Version: 17.0.7+7
                                                                JIT compiler: HotSpot 64-Bit Tiered Compilers
                                                                VM Arguments: [-Dfile.encoding=UTF-8]
                                                                
                                                                --------------------------------------------------------------------------------
                                                                                               [ Java classpath ]                               
                                                                --------------------------------------------------------------------------------
                                                                 [classpath] /var/lib/neo4j/lib/neo4j-ast-5.9.0.jar
                                                                 [classpath] /var/lib/neo4j/lib/neo4j-procedure-5.9.0.jar
                                                                 [classpath] /var/lib/neo4j/lib/neo4j-security-5.9.0.jar
                                                                 [classpath] /var/lib/neo4j/lib/commons-math3-3.6.1.jar
                                                                 [classpath] /var/lib/neo4j/lib/neo4j-expressions-5.9.0.jar
                                                                 [classpath] /var/lib/neo4j/lib/zstd-jni-1.5.5-2.jar
                                                                 [classpath] /var/lib/neo4j/lib/neo4j-cypher-cache-5.9.0.jar
                                                                 [classpath] /var/lib/neo4j/lib/jPowerShell-3.0.jar
                                                                 [classpath] /var/lib/neo4j/lib/neo4j-ssl-5.9.0.jar
                                                                 [classpath] /var/lib/neo4j/lib/neo4j-server-5.9.0.jar
                                                                 [classpath] /var/lib/neo4j/lib/mercator_2.13-0.2.1.jar
                                                                 [classpath] /var/lib/neo4j/lib/jaxb-runtime-2.3.2.jar
                                                                 [classpath] /var/lib/neo4j/lib/reactive-streams-1.0.4.jar
                                                                 [classpath] /var/lib/neo4j/lib/neo4j-concurrent-5.9.0.jar
                                                                 [classpath] /var/lib/neo4j/lib/lucene-analysis-common-9.6.0.jar
                                                                 [classpath] /var/lib/neo4j/lib/jackson-module-jaxb-annotations-2.15.0.jar
                                                                 [classpath] /var/lib/neo4j/lib/neo4j-spatial-index-5.9.0.jar
                                                                 [classpath] /var/lib/neo4j/lib/lucene-queryparser-9.6.0.jar
                                                                 [classpath] /var/lib/neo4j/lib/jetty-server-9.4.51.v20230217.jar
                                                                 [classpath] /var/lib/neo4j/lib/javassist-3.25.0-GA.jar
                                                                 [classpath] /var/lib/neo4j/lib/netty-transport-native-unix-common-4.1.92.Final.jar
                                                                 [classpath] /var/lib/neo4j/lib/jersey-container-servlet-2.34.jar
                                                                 [classpath] /var/lib/neo4j/lib/neo4j-layout-5.9.0.jar
                                                                 [classpath] /var/lib/neo4j/lib/commons-configuration2-2.9.0.jar
                                                                 [classpath] /var/lib/neo4j/lib/netty-resolver-4.1.92.Final.jar
                                                                 [classpath] /var/lib/neo4j/lib/neo4j-procedure-api-5.9.0.jar
                                                                 [classpath] /var/lib/neo4j/lib/neo4j-configuration-5.9.0.jar
                                                                 [classpath] /var/lib/neo4j/lib/neo4j-graph-algo-5.9.0.jar
                                                                 [classpath] /var/lib/neo4j/conf/*
                                                                 [classpath] /var/lib/neo4j/lib/netty-transport-classes-kqueue-4.1.92.Final.jar
                                                                 [classpath] /var/lib/neo4j/lib/neo4j-codegen-5.9.0.jar
                                                                 [classpath] /var/lib/neo4j/lib/neo4j-dbms-5.9.0.jar
                                                                 [classpath] /var/lib/neo4j/lib/shiro-lang-1.11.0.jar
                                                                 [classpath] /var/lib/neo4j/lib/picocli-4.7.3.jar
                                                                 [classpath] /var/lib/neo4j/lib/neo4j-fabric-5.9.0.jar
                                                                 [classpath] /var/lib/neo4j/lib/WMI4Java-1.6.3.jar
                                                                 [classpath] /var/lib/neo4j/lib/neo4j-cypher-planner-spi-5.9.0.jar
                                                                 [classpath] /var/lib/neo4j/lib/jakarta.xml.bind-api-2.3.2.jar
                                                                 [classpath] /var/lib/neo4j/lib/neo4j-cypher-javacc-parser-5.9.0.jar
                                                                 [classpath] /var/lib/neo4j/lib/shiro-crypto-core-1.11.0.jar
                                                                 [classpath] /var/lib/neo4j/lib/jProcesses-1.6.5.jar
                                                                 [classpath] /var/lib/neo4j/lib/commons-collections-3.2.2.jar
                                                                 [classpath] /var/lib/neo4j/lib/hk2-locator-2.6.1.jar
                                                                 [classpath] /var/lib/neo4j/lib/neo4j-rewriting-5.9.0.jar
                                                                 [classpath] /var/lib/neo4j/lib/jersey-common-2.34.jar
                                                                 [classpath] /var/lib/neo4j/lib/neo4j-cypher-config-5.9.0.jar
                                                                 [classpath] /var/lib/neo4j/lib/netty-handler-4.1.92.Final.jar
                                                                 [classpath] /var/lib/neo4j/lib/neo4j-id-generator-5.9.0.jar
                                                                 [classpath] /var/lib/neo4j/lib/neo4j-cypher-runtime-util-5.9.0.jar
                                                                 [classpath] /var/lib/neo4j/lib/neo4j-wal-5.9.0.jar
                                                                 [classpath] /var/lib/neo4j/lib/netty-buffer-4.1.92.Final.jar
                                                                 [classpath] /var/lib/neo4j/lib/jetty-io-9.4.51.v20230217.jar
                                                                 [classpath] /var/lib/neo4j/lib/slf4j-nop-2.0.7.jar
                                                                 [classpath] /var/lib/neo4j/lib/caffeine-3.1.6.jar
                                                                 [classpath] /var/lib/neo4j/lib/neo4j-import-tool-5.9.0.jar
                                                                 [classpath] /var/lib/neo4j/lib/server-api-5.9.0.jar
                                                                 [classpath] /var/lib/neo4j/lib/eclipse-collections-api-11.1.0.jar
                                                                 [classpath] /var/lib/neo4j/lib/shiro-crypto-cipher-1.11.0.jar
                                                                 [classpath] /var/lib/neo4j/lib/jersey-container-servlet-core-2.34.jar
                                                                 [classpath] /var/lib/neo4j/lib/jackson-jaxrs-json-provider-2.15.0.jar
                                                                 [classpath] /var/lib/neo4j/lib/jackson-annotations-2.15.0.jar
                                                                 [classpath] /var/lib/neo4j/lib/jansi-2.4.0.jar
                                                                 [classpath] /var/lib/neo4j/lib/commons-text-1.10.0.jar
                                                                 [classpath] /var/lib/neo4j/lib/neo4j-storage-engine-util-5.9.0.jar
                                                                 [classpath] /var/lib/neo4j/lib/cypher-ast-factory-5.9.0.jar
                                                                 [classpath] /var/lib/neo4j/lib/neo4j-cypher-macros-5.9.0.jar
                                                                 [classpath] /var/lib/neo4j/lib/scala-reflect-2.13.10.jar
                                                                 [classpath] /var/lib/neo4j/lib/ipaddress-5.4.0.jar
                                                                 [classpath] /var/lib/neo4j/lib/jline-terminal-3.21.0.jar
                                                                 [classpath] /var/lib/neo4j/lib/jetty-security-9.4.51.v20230217.jar
                                                                 [classpath] /var/lib/neo4j/lib/neo4j-cypher-physical-planning-5.9.0.jar
                                                                 [classpath] /var/lib/neo4j/lib/jackson-core-2.15.0.jar
                                                                 [classpath] /var/lib/neo4j/lib/jetty-http-9.4.51.v20230217.jar
                                                                 [classpath] /var/lib/neo4j/lib/lz4-java-1.8.0.jar
                                                                 [classpath] /var/lib/neo4j/lib/cypher-literal-interpreter-5.9.0.jar
                                                                 [classpath] /var/lib/neo4j/lib/jetty-xml-9.4.51.v20230217.jar
                                                                 [classpath] /var/lib/neo4j/lib/netty-tcnative-classes-2.0.60.Final.jar
                                                                 [classpath] /var/lib/neo4j/lib/jackson-jaxrs-base-2.15.0.jar
                                                                 [classpath] /var/lib/neo4j/lib/jakarta.ws.rs-api-2.1.6.jar
                                                                 [classpath] /var/lib/neo4j/lib/neo4j-command-line-5.9.0.jar
                                                                 [classpath] /var/lib/neo4j/lib/jline-terminal-jansi-3.21.0.jar
                                                                 [classpath] /var/lib/neo4j/lib/hk2-api-2.6.1.jar
                                                                 [classpath] /var/lib/neo4j/lib/jetty-webapp-9.4.51.v20230217.jar
                                                                 [classpath] /var/lib/neo4j/lib/shiro-event-1.11.0.jar
                                                                 [classpath] /var/lib/neo4j/lib/neo4j-index-5.9.0.jar
                                                                 [classpath] /var/lib/neo4j/lib/neo4j-monitoring-5.9.0.jar
                                                                 [classpath] /var/lib/neo4j/lib/netty-common-4.1.92.Final.jar
                                                                 [classpath] /var/lib/neo4j/lib/commons-compress-1.23.0.jar
                                                                 [classpath] /var/lib/neo4j/lib/neo4j-cypher-logical-plans-5.9.0.jar
                                                                 [classpath] /var/lib/neo4j/lib/neo4j-lock-5.9.0.jar
                                                                 [classpath] /var/lib/neo4j/lib/jetty-util-9.4.51.v20230217.jar
                                                                 [classpath] /var/lib/neo4j/lib/istack-commons-runtime-3.0.8.jar
                                                                 [classpath] /var/lib/neo4j/lib/annotations-5.9.0.jar
                                                                 [classpath] /var/lib/neo4j/lib/neo4j-token-api-5.9.0.jar
                                                                 [classpath] /var/lib/neo4j/lib/neo4j-native-5.9.0.jar
                                                                 [classpath] /var/lib/neo4j/lib/eclipse-collections-11.1.0.jar
                                                                 [classpath] /var/lib/neo4j/lib/netty-transport-native-kqueue-4.1.92.Final-osx-x86_64.jar
                                                                 [classpath] /var/lib/neo4j/lib/neo4j-push-to-cloud-5.9.0.jar
                                                                 [classpath] /var/lib/neo4j/lib/commons-io-2.11.0.jar
                                                                 [classpath] /var/lib/neo4j/lib/neo4j-schema-5.9.0.jar
                                                                 [classpath] /var/lib/neo4j/lib/slf4j-api-2.0.7.jar
                                                                 [classpath] /var/lib/neo4j/lib/neo4j-lucene-index-5.9.0.jar
                                                                 [classpath] /var/lib/neo4j/lib/neo4j-fulltext-index-5.9.0.jar
                                                                 [classpath] /var/lib/neo4j/lib/neo4j-cypher-expression-evaluator-5.9.0.jar
                                                                 [classpath] /var/lib/neo4j/lib/neo4j-collections-5.9.0.jar
                                                                 [classpath] /var/lib/neo4j/lib/jakarta.activation-api-1.2.2.jar
                                                                 [classpath] /var/lib/neo4j/lib/neo4j-kernel-5.9.0.jar
                                                                 [classpath] /var/lib/neo4j/lib/jakarta.validation-api-2.0.2.jar
                                                                 [classpath] /var/lib/neo4j/lib/netty-codec-4.1.92.Final.jar
                                                                 [classpath] /var/lib/neo4j/lib/kiama_2.13-2.5.0.jar
                                                                 [classpath] /var/lib/neo4j/lib/magnolia_2.13-0.17.0.jar
                                                                 [classpath] /var/lib/neo4j/lib/netty-transport-4.1.92.Final.jar
                                                                 [classpath] /var/lib/neo4j/lib/jctools-core-4.0.1.jar
                                                                 [classpath] /var/lib/neo4j/lib/neo4j-unsafe-5.9.0.jar
                                                                 [classpath] /var/lib/neo4j/lib/neo4j-kernel-api-5.9.0.jar
                                                                 [classpath] /var/lib/neo4j/lib/neo4j-import-util-5.9.0.jar
                                                                 [classpath] /var/lib/neo4j/lib/jettison-1.5.4.jar
                                                                 [classpath] /var/lib/neo4j/lib/shiro-config-core-1.11.0.jar
                                                                 [classpath] /var/lib/neo4j/lib/jakarta.inject-2.6.1.jar
                                                                 [classpath] /var/lib/neo4j/lib/hk2-utils-2.6.1.jar
                                                                 [classpath] /var/lib/neo4j/lib/lucene-backward-codecs-9.6.0.jar
                                                                 [classpath] /var/lib/neo4j/lib/stax-ex-1.8.1.jar
                                                                 [classpath] /var/lib/neo4j/lib/neo4j-resource-5.9.0.jar
                                                                 [classpath] /var/lib/neo4j/lib/txw2-2.3.2.jar
                                                                 [classpath] /var/lib/neo4j/lib/shiro-crypto-hash-1.11.0.jar
                                                                 [classpath] /var/lib/neo4j/lib/neo4j-cypher-5.9.0.jar
                                                                 [classpath] /var/lib/neo4j/lib/neo4j-record-storage-engine-5.9.0.jar
                                                                 [classpath] /var/lib/neo4j/lib/neo4j-io-5.9.0.jar
                                                                 [classpath] /var/lib/neo4j/lib/neo4j-front-end-5.9.0.jar
                                                                 [classpath] /var/lib/neo4j/lib/neo4j-cypher-dsl-2023.3.0.jar
                                                                 [classpath] /var/lib/neo4j/lib/neo4j-diagnostics-5.9.0.jar
                                                                 [classpath] /var/lib/neo4j/lib/cypher-shell-5.9.0.jar
                                                                 [classpath] /var/lib/neo4j/lib/log4j-api-2.20.0.jar
                                                                 [classpath] /var/lib/neo4j/lib/jline-reader-3.21.0.jar
                                                                 [classpath] /var/lib/neo4j/lib/neo4j-5.9.0.jar
                                                                 [classpath] /var/lib/neo4j/lib/FastInfoset-1.2.16.jar
                                                                 [classpath] /var/lib/neo4j/lib/argparse4j-0.9.0.jar
                                                                 [classpath] /var/lib/neo4j/lib/log4j-core-2.20.0.jar
                                                                 [classpath] /var/lib/neo4j/lib/neo4j-bootcheck-5.9.0.jar
                                                                 [classpath] /var/lib/neo4j/lib/commons-logging-1.2.jar
                                                                 [classpath] /var/lib/neo4j/lib/zstd-proxy-5.9.0.jar
                                                                 [classpath] /var/lib/neo4j/lib/jna-5.13.0.jar
                                                                 [classpath] /var/lib/neo4j/lib/neo4j-values-5.9.0.jar
                                                                 [classpath] /var/lib/neo4j/lib/scala-library-2.13.10.jar
                                                                 [classpath] /var/lib/neo4j/lib/neo4j-common-5.9.0.jar
                                                                 [classpath] /var/lib/neo4j/lib/netty-transport-native-epoll-4.1.92.Final-linux-x86_64.jar
                                                                 [classpath] /var/lib/neo4j/lib/neo4j-java-driver-5.8.0.jar
                                                                 [classpath] /var/lib/neo4j/lib/netty-transport-native-epoll-4.1.92.Final-linux-aarch_64.jar
                                                                 [classpath] /var/lib/neo4j/lib/neo4j-exceptions-5.9.0.jar
                                                                 [classpath] /var/lib/neo4j/lib/neo4j-data-collector-5.9.0.jar
                                                                 [classpath] /var/lib/neo4j/lib/neo4j-bolt-5.9.0.jar
                                                                 [classpath] /var/lib/neo4j/lib/neo4j-logging-5.9.0.jar
                                                                 [classpath] /var/lib/neo4j/lib/shiro-cache-1.11.0.jar
                                                                 [classpath] /var/lib/neo4j/lib/neo4j-query-router-5.9.0.jar
                                                                 [classpath] /var/lib/neo4j/lib/neo4j-cypher-slotted-runtime-5.9.0.jar
                                                                 [classpath] /var/lib/neo4j/lib/netty-transport-native-kqueue-4.1.92.Final-osx-aarch_64.jar
                                                                 [classpath] /var/lib/neo4j/lib/jackson-databind-2.15.0.jar
                                                                 [classpath] /var/lib/neo4j/lib/neo4j-browser-5.9.0.jar
                                                                 [classpath] /var/lib/neo4j/lib/netty-codec-http-4.1.92.Final.jar
                                                                 [classpath] /var/lib/neo4j/lib/jakarta.annotation-api-1.3.5.jar
                                                                 [classpath] /var/lib/neo4j/lib/jetty-servlet-9.4.51.v20230217.jar
                                                                 [classpath] /var/lib/neo4j/lib/reactor-core-3.5.5.jar
                                                                 [classpath] /var/lib/neo4j/lib/neo4j-graphdb-api-5.9.0.jar
                                                                 [classpath] /var/lib/neo4j/lib/neo4j-cypher-ir-5.9.0.jar
                                                                 [classpath] /var/lib/neo4j/lib/lucene-core-9.6.0.jar
                                                                 [classpath] /var/lib/neo4j/lib/neo4j-consistency-check-5.9.0.jar
                                                                 [classpath] /var/lib/neo4j/lib/neo4j-util-5.9.0.jar
                                                                 [classpath] /var/lib/neo4j/lib/commons-lang3-3.12.0.jar
                                                                 [classpath] /var/lib/neo4j/lib/neo4j-capabilities-5.9.0.jar
                                                                 [classpath] /var/lib/neo4j/lib/neo4j-cypher-ast-factory-5.9.0.jar
                                                                 [classpath] /var/lib/neo4j/lib/neo4j-cypher-interpreted-runtime-5.9.0.jar
                                                                 [classpath] /var/lib/neo4j/lib/neo4j-cypher-planner-5.9.0.jar
                                                                 [classpath] /var/lib/neo4j/lib/netty-transport-classes-epoll-4.1.92.Final.jar
                                                                 [classpath] /var/lib/neo4j/lib/javax.servlet-api-3.1.0.jar
                                                                 [classpath] /var/lib/neo4j/lib/log4j-layout-template-json-2.20.0.jar
                                                                 [classpath] /var/lib/neo4j/lib/jersey-server-2.34.jar
                                                                 [classpath] /var/lib/neo4j/lib/commons-beanutils-1.9.4.jar
                                                                 [classpath] /var/lib/neo4j/lib/shiro-core-1.11.0.jar
                                                                 [classpath] /var/lib/neo4j/lib/shiro-config-ogdl-1.11.0.jar
                                                                 [classpath] /var/lib/neo4j/lib/neo4j-csv-5.9.0.jar
                                                                 [classpath] /var/lib/neo4j/lib/scala-collection-contrib_2.13-0.3.0.jar
                                                                 [classpath] /var/lib/neo4j/lib/jersey-client-2.34.jar
                                                                 [classpath] /var/lib/neo4j/lib/jersey-hk2-2.34.jar
                                                                
                                                                --------------------------------------------------------------------------------
                                                                                                [ Library path ]                                
                                                                --------------------------------------------------------------------------------
                                                                /usr/java/packages/lib
                                                                /usr/lib64
                                                                /lib64
                                                                /lib
                                                                /usr/lib
                                                                
                                                                --------------------------------------------------------------------------------
                                                                                             [ System properties ]                              
                                                                --------------------------------------------------------------------------------
                                                                sun.jnu.encoding = ANSI_X3.4-1968
                                                                sun.arch.data.model = 64
                                                                user.timezone = Etc/UTC
                                                                sun.java.launcher = SUN_STANDARD
                                                                user.country = US
                                                                sun.boot.library.path = /opt/java/openjdk/lib
                                                                sun.java.command = org.neo4j.server.CommunityEntryPoint --home-dir=/var/lib/neo4j --config-dir=/var/lib/neo4j/conf --console-mode
                                                                jdk.debug = release
                                                                sun.cpu.endian = little
                                                                user.home = /var/lib/neo4j
                                                                user.language = en
                                                                file.separator = /
                                                                sun.management.compiler = HotSpot 64-Bit Tiered Compilers
                                                                user.name = neo4j
                                                                path.separator = :
                                                                file.encoding = UTF-8
                                                                jnidispatch.path = /var/lib/neo4j/.cache/JNA/temp/jna9629757809667585237.tmp
                                                                jna.loaded = true
                                                                user.dir = /var/lib/neo4j
                                                                native.encoding = ANSI_X3.4-1968
                                                                sun.io.unicode.encoding = UnicodeLittle
                                                                
                                                                --------------------------------------------------------------------------------
                                                                                      [ (IANA) TimeZone database version ]                      
                                                                --------------------------------------------------------------------------------
                                                                  TimeZone version: 2022g (available for 603 zone identifiers)
                                                                
                                                                --------------------------------------------------------------------------------
                                                                                            [ Network information ]                             
                                                                --------------------------------------------------------------------------------
                                                                Interface eth0:
                                                                    address: 172.18.0.2
                                                                Interface lo:
                                                                    address: 0:0:0:0:0:0:0:1%lo
                                                                    address: 127.0.0.1
                                                                
                                                                --------------------------------------------------------------------------------
                                                                                         [ Native access information ]                          
                                                                --------------------------------------------------------------------------------
                                                                Native access details: Linux native access is available.
                                                                
                                                                --------------------------------------------------------------------------------
                                                                                                [ DBMS config ]                                 
                                                                --------------------------------------------------------------------------------
                                                                DBMS provided settings:
                                                                server.default_listen_address=0.0.0.0
                                                                server.directories.logs=/logs
                                                                server.directories.neo4j_home=/var/lib/neo4j
                                                                server.directories.plugins=/plugins
                                                                server.memory.pagecache.size=512.00MiB
                                                                Directories in use:
                                                                server.directories.data=/var/lib/neo4j/data
                                                                server.directories.dumps.root=/var/lib/neo4j/data/dumps
                                                                server.directories.import=/var/lib/neo4j
                                                                server.directories.lib=/var/lib/neo4j/lib
                                                                server.directories.licenses=/var/lib/neo4j/licenses
                                                                server.directories.logs=/logs
                                                                server.directories.neo4j_home=/var/lib/neo4j
                                                                server.directories.plugins=/plugins
                                                                server.directories.run=/var/lib/neo4j/run
                                                                server.directories.script.root=/var/lib/neo4j/data/scripts
                                                                server.directories.transaction.logs.root=/var/lib/neo4j/data/transactions
                                                                
                                                                --------------------------------------------------------------------------------
                                                                                                 [ Packaging ]                                  
                                                                --------------------------------------------------------------------------------
                                                                Edition: Community
                                                                Package Type: tar
                                                                
2024-08-30 14:51:18.574+0000 INFO  [o.n.d.i.DefaultIdentityModule] Found ServerId on disk: ServerId{c9534e0c} (c9534e0c-ef6a-45a2-b3dd-96175cbccc3a)
2024-08-30 14:51:18.576+0000 INFO  [o.n.d.i.DefaultIdentityModule] This instance is ServerId{c9534e0c} (c9534e0c-ef6a-45a2-b3dd-96175cbccc3a)
2024-08-30 14:51:20.441+0000 INFO  [o.n.s.CommunityNeoWebServer] ======== Neo4j 5.9.0 ========
2024-08-30 14:51:20.466+0000 INFO  [o.n.d.d.DatabaseLifecycles] Creating 'DatabaseId{00000000[system]}'.
2024-08-30 14:51:20.614+0000 INFO  [o.n.b.BoltServer] Using connector transport epoll
2024-08-30 14:51:20.713+0000 INFO  [o.n.b.BoltServer] Configured external Bolt connector with listener address /0.0.0.0:7687
2024-08-30 14:51:20.713+0000 INFO  [o.n.b.BoltServer] Bolt server loaded
2024-08-30 14:51:20.771+0000 INFO  [o.n.d.d.DatabaseLifecycles] Starting 'DatabaseId{00000000[system]}'.
2024-08-30 14:51:21.118+0000 WARN  [o.n.k.i.t.l.f.c.CheckpointFileChannelNativeAccessor] [system/00000000] Unable to advise sequential access for transaction log version: 0. Error: ErrorCode=-1, errorMessage='Incorrect file descriptor.'
2024-08-30 14:51:21.118+0000 WARN  [o.n.k.i.t.l.f.c.CheckpointFileChannelNativeAccessor] [system/00000000] Unable to advise preserve data in cache for transaction log version: 0. Error: ErrorCode=-1, errorMessage='Incorrect file descriptor.'
2024-08-30 14:51:21.122+0000 INFO  [o.n.k.i.t.l.f.c.CheckpointLogFile] [system/00000000] Scanning log file with version 0 for checkpoint entries
2024-08-30 14:51:21.135+0000 WARN  [o.n.k.i.t.l.f.c.CheckpointFileChannelNativeAccessor] [system/00000000] Unable to evict transaction log from cache with version: 0. Error: ErrorCode=-1, errorMessage='Incorrect file descriptor.'
2024-08-30 14:51:21.135+0000 WARN  [o.n.k.i.t.l.f.c.CheckpointFileChannelNativeAccessor] [system/00000000] Unable to advise sequential access for transaction log version: 0. Error: ErrorCode=-1, errorMessage='Incorrect file descriptor.'
2024-08-30 14:51:21.136+0000 WARN  [o.n.k.i.t.l.f.c.CheckpointFileChannelNativeAccessor] [system/00000000] Unable to advise preserve data in cache for transaction log version: 0. Error: ErrorCode=-1, errorMessage='Incorrect file descriptor.'
2024-08-30 14:51:21.136+0000 WARN  [o.n.k.i.t.l.f.c.CheckpointFileChannelNativeAccessor] [system/00000000] Unable to evict transaction log from cache with version: 0. Error: ErrorCode=-1, errorMessage='Incorrect file descriptor.'
2024-08-30 14:51:21.139+0000 WARN  [o.n.k.i.t.l.f.LogFileChannelNativeAccessor] [system/00000000] Unable to advise sequential access for transaction log version: 0. Error: ErrorCode=-1, errorMessage='Incorrect file descriptor.'
2024-08-30 14:51:21.140+0000 WARN  [o.n.k.i.t.l.f.LogFileChannelNativeAccessor] [system/00000000] Unable to advise preserve data in cache for transaction log version: 0. Error: ErrorCode=-1, errorMessage='Incorrect file descriptor.'
2024-08-30 14:51:21.140+0000 WARN  [o.n.k.i.t.l.f.LogFileChannelNativeAccessor] [system/00000000] Unable to evict transaction log from cache with version: 0. Error: ErrorCode=-1, errorMessage='Incorrect file descriptor.'
2024-08-30 14:51:21.140+0000 WARN  [o.n.k.i.t.l.f.LogFileChannelNativeAccessor] [system/00000000] Unable to advise sequential access for transaction log version: 0. Error: ErrorCode=-1, errorMessage='Incorrect file descriptor.'
2024-08-30 14:51:21.140+0000 WARN  [o.n.k.i.t.l.f.LogFileChannelNativeAccessor] [system/00000000] Unable to advise preserve data in cache for transaction log version: 0. Error: ErrorCode=-1, errorMessage='Incorrect file descriptor.'
2024-08-30 14:51:21.140+0000 WARN  [o.n.k.i.t.l.f.LogFileChannelNativeAccessor] [system/00000000] Unable to evict transaction log from cache with version: 0. Error: ErrorCode=-1, errorMessage='Incorrect file descriptor.'
2024-08-30 14:51:21.174+0000 INFO  [o.n.k.i.s.f.RecordFormatSelector] [system/00000000] Selected RecordFormat:PageAlignedV5_0[aligned-1.1] record format from store /data/databases/system
2024-08-30 14:51:21.174+0000 INFO  [o.n.k.i.s.f.RecordFormatSelector] [system/00000000] Selected format from the store files: RecordFormat:PageAlignedV5_0[aligned-1.1]
2024-08-30 14:51:21.657+0000 WARN  [o.n.k.i.t.l.f.c.CheckpointFileChannelNativeAccessor] [system/00000000] Unable to advise sequential access for transaction log version: 0. Error: ErrorCode=-1, errorMessage='Incorrect file descriptor.'
2024-08-30 14:51:21.657+0000 WARN  [o.n.k.i.t.l.f.c.CheckpointFileChannelNativeAccessor] [system/00000000] Unable to advise preserve data in cache for transaction log version: 0. Error: ErrorCode=-1, errorMessage='Incorrect file descriptor.'
2024-08-30 14:51:21.658+0000 WARN  [o.n.k.i.t.l.f.c.CheckpointFileChannelNativeAccessor] [system/00000000] Unable to evict transaction log from cache with version: 0. Error: ErrorCode=-1, errorMessage='Incorrect file descriptor.'
2024-08-30 14:51:21.678+0000 INFO  [o.n.i.d.DiagnosticsManager] [system/00000000] 
                                                                [system/00000000] ********************************************************************************
                                                                [system/00000000]                               [ Database: system ]                              
                                                                [system/00000000] ********************************************************************************
                                                                [system/00000000] --------------------------------------------------------------------------------
                                                                [system/00000000]                                   [ Version ]                                   
                                                                [system/00000000] --------------------------------------------------------------------------------
                                                                [system/00000000] DBMS: community record-aligned-1.1
                                                                [system/00000000] Kernel version: 5.9.0
                                                                [system/00000000] 
                                                                [system/00000000] --------------------------------------------------------------------------------
                                                                [system/00000000]                                 [ Store files ]                                 
                                                                [system/00000000] --------------------------------------------------------------------------------
                                                                [system/00000000] Disk space on partition (Total / Free / Free %): 526762934272 / 514536165376 / 97
                                                                [system/00000000] Storage files stored on file store: ext4
                                                                [system/00000000] Storage files: (filename : modification date - size)
                                                                [system/00000000]   database_lock: 2024-08-16 11:20:42.677+0000 - 0B
                                                                [system/00000000]   neostore: 2024-08-16 11:20:42.514+0000 - 8.000KiB
                                                                [system/00000000]   neostore.counts.db: 2024-08-30 14:51:21.513+0000 - 40.00KiB
                                                                [system/00000000]   neostore.indexstats.db: 2024-08-30 14:51:21.538+0000 - 40.00KiB
                                                                [system/00000000]   neostore.labeltokenstore.db: 2024-08-16 11:28:10.613+0000 - 8.000KiB
                                                                [system/00000000]   neostore.labeltokenstore.db.id: 2024-08-30 14:51:21.479+0000 - 40.00KiB
                                                                [system/00000000]   neostore.labeltokenstore.db.names: 2024-08-16 11:28:10.617+0000 - 8.000KiB
                                                                [system/00000000]   neostore.labeltokenstore.db.names.id: 2024-08-30 14:51:21.476+0000 - 40.00KiB
                                                                [system/00000000]   neostore.nodestore.db: 2024-08-16 11:28:10.614+0000 - 8.000KiB
                                                                [system/00000000]   neostore.nodestore.db.id: 2024-08-30 14:51:21.423+0000 - 40.00KiB
                                                                [system/00000000]   neostore.nodestore.db.labels: 2024-08-16 11:20:42.436+0000 - 8.000KiB
                                                                [system/00000000]   neostore.nodestore.db.labels.id: 2024-08-30 14:51:21.410+0000 - 40.00KiB
                                                                [system/00000000]   neostore.propertystore.db: 2024-08-16 11:28:10.616+0000 - 8.000KiB
                                                                [system/00000000]   neostore.propertystore.db.arrays: 2024-08-16 11:20:42.476+0000 - 8.000KiB
                                                                [system/00000000]   neostore.propertystore.db.arrays.id: 2024-08-30 14:51:21.459+0000 - 40.00KiB
                                                                [system/00000000]   neostore.propertystore.db.id: 2024-08-30 14:51:21.464+0000 - 40.00KiB
                                                                [system/00000000]   neostore.propertystore.db.index: 2024-08-16 11:28:10.608+0000 - 8.000KiB
                                                                [system/00000000]   neostore.propertystore.db.index.id: 2024-08-30 14:51:21.436+0000 - 40.00KiB
                                                                [system/00000000]   neostore.propertystore.db.index.keys: 2024-08-16 11:28:10.615+0000 - 8.000KiB
                                                                [system/00000000]   neostore.propertystore.db.index.keys.id: 2024-08-30 14:51:21.430+0000 - 40.00KiB
                                                                [system/00000000]   neostore.propertystore.db.strings: 2024-08-16 11:28:10.610+0000 - 8.000KiB
                                                                [system/00000000]   neostore.propertystore.db.strings.id: 2024-08-30 14:51:21.452+0000 - 40.00KiB
                                                                [system/00000000]   neostore.relationshipgroupstore.db: 2024-08-16 11:20:42.503+0000 - 8.000KiB
                                                                [system/00000000]   neostore.relationshipgroupstore.db.id: 2024-08-30 14:51:21.487+0000 - 40.00KiB
                                                                [system/00000000]   neostore.relationshipgroupstore.degrees.db: 2024-08-30 14:51:21.528+0000 - 40.00KiB
                                                                [system/00000000]   neostore.relationshipstore.db: 2024-08-16 11:28:10.607+0000 - 8.000KiB
                                                                [system/00000000]   neostore.relationshipstore.db.id: 2024-08-30 14:51:21.467+0000 - 40.00KiB
                                                                [system/00000000]   neostore.relationshiptypestore.db: 2024-08-16 11:28:10.611+0000 - 8.000KiB
                                                                [system/00000000]   neostore.relationshiptypestore.db.id: 2024-08-30 14:51:21.473+0000 - 40.00KiB
                                                                [system/00000000]   neostore.relationshiptypestore.db.names: 2024-08-16 11:28:10.610+0000 - 8.000KiB
                                                                [system/00000000]   neostore.relationshiptypestore.db.names.id: 2024-08-30 14:51:21.470+0000 - 40.00KiB
                                                                [system/00000000]   neostore.schemastore.db: 2024-08-16 11:28:10.613+0000 - 8.000KiB
                                                                [system/00000000]   neostore.schemastore.db.id: 2024-08-30 14:51:21.483+0000 - 40.00KiB
                                                                [system/00000000]   schema:
                                                                [system/00000000]     index:
                                                                [system/00000000]       range-1.0:
                                                                [system/00000000]         3:
                                                                [system/00000000]           index-3: 2024-08-16 11:28:10.622+0000 - 48.00KiB
                                                                [system/00000000]         - Total: 2024-08-16 11:20:43.212+0000 - 48.00KiB
                                                                [system/00000000]         4:
                                                                [system/00000000]           index-4: 2024-08-16 11:28:10.623+0000 - 48.00KiB
                                                                [system/00000000]         - Total: 2024-08-16 11:20:43.254+0000 - 48.00KiB
                                                                [system/00000000]         7:
                                                                [system/00000000]           index-7: 2024-08-16 11:28:10.623+0000 - 48.00KiB
                                                                [system/00000000]         - Total: 2024-08-16 11:20:43.529+0000 - 48.00KiB
                                                                [system/00000000]         8:
                                                                [system/00000000]           index-8: 2024-08-16 11:28:10.624+0000 - 48.00KiB
                                                                [system/00000000]         - Total: 2024-08-16 11:20:43.571+0000 - 48.00KiB
                                                                [system/00000000]       - Total: 2024-08-16 11:20:43.571+0000 - 192.0KiB
                                                                [system/00000000]       token-lookup-1.0:
                                                                [system/00000000]         1:
                                                                [system/00000000]           index-1: 2024-08-16 11:28:10.621+0000 - 48.00KiB
                                                                [system/00000000]         - Total: 2024-08-16 11:20:43.051+0000 - 48.00KiB
                                                                [system/00000000]         2:
                                                                [system/00000000]           index-2: 2024-08-16 11:28:10.622+0000 - 48.00KiB
                                                                [system/00000000]         - Total: 2024-08-16 11:20:43.101+0000 - 48.00KiB
                                                                [system/00000000]       - Total: 2024-08-16 11:20:43.100+0000 - 96.00KiB
                                                                [system/00000000]     - Total: 2024-08-16 11:20:43.211+0000 - 288.0KiB
                                                                [system/00000000]   - Total: 2024-08-16 11:20:43.048+0000 - 288.0KiB
                                                                [system/00000000] Storage summary: 
                                                                [system/00000000]   Total size of store: 1.063MiB
                                                                [system/00000000]   Total size of mapped files: 408.0KiB
                                                                [system/00000000] 
                                                                [system/00000000] --------------------------------------------------------------------------------
                                                                [system/00000000]                               [ Transaction log ]                               
                                                                [system/00000000] --------------------------------------------------------------------------------
                                                                [system/00000000] Transaction log files stored on file store: ext4
                                                                [system/00000000] Transaction log metadata:
                                                                [system/00000000]  - current kernel version used in transactions: V5_9
                                                                [system/00000000]  - last committed transaction id: 37
                                                                [system/00000000] Transaction log files:
                                                                [system/00000000]  - existing transaction log versions: 0-0
                                                                [system/00000000]  - oldest transaction 2 found in log with version 0
                                                                [system/00000000]  - files: (filename : creation date - size)
                                                                [system/00000000]      neostore.transaction.db.0: 2024-08-16 11:20:43.628+0000 - 21.03KiB
                                                                [system/00000000]  - total size of files: 21.03KiB
                                                                [system/00000000] Checkpoint log files:
                                                                [system/00000000]  - existing checkpoint log versions: 0-0
                                                                [system/00000000]  - last checkpoint: CheckpointInfo[transactionLogPosition=LogPosition{logVersion=0, byteOffset=21535}, storeId=StoreId{creationTime=1723807242513, random=8528745655144095747, storageEngineName='record', formatName='aligned', majorVersion=1, minorVersion=1}, checkpointEntryPosition=LogPosition{logVersion=0, byteOffset=128}, channelPositionAfterCheckpoint=LogPosition{logVersion=0, byteOffset=360}, checkpointFilePostReadPosition=LogPosition{logVersion=0, byteOffset=360}, kernelVersion=KernelVersion{V5_9,version=8}, transactionId=TransactionId[transactionId=37, checksum=-1908335854, commitTimestamp=1723807243629, consensusIndex=-1], reason=Checkpoint triggered by "Database shutdown" @ txId: 37]
                                                                [system/00000000] 
                                                                [system/00000000] --------------------------------------------------------------------------------
                                                                [system/00000000]                                   [ Id usage ]                                  
                                                                [system/00000000] --------------------------------------------------------------------------------
                                                                [system/00000000] ArrayPropertyStore[neostore.nodestore.db.labels]: used=1 high=0
                                                                [system/00000000] NodeStore[neostore.nodestore.db]: used=6 high=5
                                                                [system/00000000] StringPropertyStore[neostore.propertystore.db.index.keys]: used=44 high=43
                                                                [system/00000000] PropertyIndexStore[neostore.propertystore.db.index]: used=31 high=30
                                                                [system/00000000] StringPropertyStore[neostore.propertystore.db.strings]: used=3 high=2
                                                                [system/00000000] ArrayPropertyStore[neostore.propertystore.db.arrays]: used=1 high=0
                                                                [system/00000000] PropertyStore[neostore.propertystore.db]: used=59 high=58
                                                                [system/00000000] RelationshipStore[neostore.relationshipstore.db]: used=2 high=1
                                                                [system/00000000] StringPropertyStore[neostore.relationshiptypestore.db.names]: used=2 high=1
                                                                [system/00000000] RelationshipTypeStore[neostore.relationshiptypestore.db]: used=1 high=0
                                                                [system/00000000] StringPropertyStore[neostore.labeltokenstore.db.names]: used=5 high=4
                                                                [system/00000000] LabelTokenStore[neostore.labeltokenstore.db]: used=4 high=3
                                                                [system/00000000] SchemaStore[neostore.schemastore.db]: used=11 high=10
                                                                [system/00000000] RelationshipGroupStore[neostore.relationshipgroupstore.db]: used=1 high=0
                                                                [system/00000000] NeoStore[neostore]: used=-1 high=-1
                                                                [system/00000000] 
                                                                [system/00000000] --------------------------------------------------------------------------------
                                                                [system/00000000]                                   [ Metadata ]                                  
                                                                [system/00000000] --------------------------------------------------------------------------------
                                                                [system/00000000] EXTERNAL_STORE_UUID (Database identifier exposed as external store identity. Generated on creation and never updated): 23e8f11d-cde9-468a-8264-e3473a055845
                                                                [system/00000000] DATABASE_ID (The last used DatabaseId for this database): null
                                                                [system/00000000] LEGACY_STORE_VERSION (Legacy store format version. This field is used from 5.0 onwards only to distinguish non-migrated pre 5.0 metadata stores.): -3523014627327384477
                                                                [system/00000000] STORE_ID (Store ID): StoreId{creationTime=1723807242513, random=8528745655144095747, storageEngineName='record', formatName='aligned', majorVersion=1, minorVersion=1}
                                                                [system/00000000] 
2024-08-30 14:51:21.929+0000 INFO  [o.n.k.i.a.i.IndexingService] [system/00000000] IndexingService.init: indexes not specifically mentioned above are ONLINE
2024-08-30 14:51:21.933+0000 INFO  [o.n.k.a.DatabaseAvailabilityGuard] [system/00000000] Requirement `Database unavailable` makes database system unavailable.
2024-08-30 14:51:21.934+0000 INFO  [o.n.k.a.DatabaseAvailabilityGuard] [system/00000000] DatabaseId{00000000[system]} is unavailable.
2024-08-30 14:51:21.955+0000 WARN  [o.n.k.i.t.l.f.LogFileChannelNativeAccessor] [system/00000000] Unable to advise sequential access for transaction log version: 0. Error: ErrorCode=-1, errorMessage='Incorrect file descriptor.'
2024-08-30 14:51:21.955+0000 WARN  [o.n.k.i.t.l.f.LogFileChannelNativeAccessor] [system/00000000] Unable to advise preserve data in cache for transaction log version: 0. Error: ErrorCode=-1, errorMessage='Incorrect file descriptor.'
2024-08-30 14:51:21.956+0000 INFO  [o.n.k.d.Database] [system/00000000] Starting transaction log [/data/transactions/system/neostore.transaction.db.0] at version=0
2024-08-30 14:51:21.971+0000 WARN  [o.n.k.i.t.l.f.c.CheckpointFileChannelNativeAccessor] [system/00000000] Unable to advise sequential access for transaction log version: 0. Error: ErrorCode=-1, errorMessage='Incorrect file descriptor.'
2024-08-30 14:51:21.971+0000 WARN  [o.n.k.i.t.l.f.c.CheckpointFileChannelNativeAccessor] [system/00000000] Unable to advise preserve data in cache for transaction log version: 0. Error: ErrorCode=-1, errorMessage='Incorrect file descriptor.'
2024-08-30 14:51:21.971+0000 INFO  [o.n.k.d.Database] [system/00000000] Starting transaction log [/data/transactions/system/checkpoint.0] at version=0
2024-08-30 14:51:21.972+0000 WARN  [o.n.k.i.t.l.f.c.CheckpointFileChannelNativeAccessor] [system/00000000] Unable to advise sequential access for transaction log version: 0. Error: ErrorCode=-1, errorMessage='Incorrect file descriptor.'
2024-08-30 14:51:21.972+0000 WARN  [o.n.k.i.t.l.f.c.CheckpointFileChannelNativeAccessor] [system/00000000] Unable to advise preserve data in cache for transaction log version: 0. Error: ErrorCode=-1, errorMessage='Incorrect file descriptor.'
2024-08-30 14:51:21.972+0000 INFO  [o.n.k.i.t.l.f.c.CheckpointLogFile] [system/00000000] Scanning log file with version 0 for checkpoint entries
2024-08-30 14:51:21.972+0000 WARN  [o.n.k.i.t.l.f.c.CheckpointFileChannelNativeAccessor] [system/00000000] Unable to evict transaction log from cache with version: 0. Error: ErrorCode=-1, errorMessage='Incorrect file descriptor.'
2024-08-30 14:51:21.973+0000 WARN  [o.n.k.i.t.l.f.c.CheckpointFileChannelNativeAccessor] [system/00000000] Unable to advise sequential access for transaction log version: 0. Error: ErrorCode=-1, errorMessage='Incorrect file descriptor.'
2024-08-30 14:51:21.973+0000 WARN  [o.n.k.i.t.l.f.c.CheckpointFileChannelNativeAccessor] [system/00000000] Unable to advise preserve data in cache for transaction log version: 0. Error: ErrorCode=-1, errorMessage='Incorrect file descriptor.'
2024-08-30 14:51:21.973+0000 WARN  [o.n.k.i.t.l.f.c.CheckpointFileChannelNativeAccessor] [system/00000000] Unable to evict transaction log from cache with version: 0. Error: ErrorCode=-1, errorMessage='Incorrect file descriptor.'
2024-08-30 14:51:21.973+0000 WARN  [o.n.k.i.t.l.f.LogFileChannelNativeAccessor] [system/00000000] Unable to advise sequential access for transaction log version: 0. Error: ErrorCode=-1, errorMessage='Incorrect file descriptor.'
2024-08-30 14:51:21.973+0000 WARN  [o.n.k.i.t.l.f.LogFileChannelNativeAccessor] [system/00000000] Unable to advise preserve data in cache for transaction log version: 0. Error: ErrorCode=-1, errorMessage='Incorrect file descriptor.'
2024-08-30 14:51:21.973+0000 WARN  [o.n.k.i.t.l.f.LogFileChannelNativeAccessor] [system/00000000] Unable to evict transaction log from cache with version: 0. Error: ErrorCode=-1, errorMessage='Incorrect file descriptor.'
2024-08-30 14:51:21.974+0000 WARN  [o.n.k.i.t.l.f.LogFileChannelNativeAccessor] [system/00000000] Unable to advise sequential access for transaction log version: 0. Error: ErrorCode=-1, errorMessage='Incorrect file descriptor.'
2024-08-30 14:51:21.974+0000 WARN  [o.n.k.i.t.l.f.LogFileChannelNativeAccessor] [system/00000000] Unable to advise preserve data in cache for transaction log version: 0. Error: ErrorCode=-1, errorMessage='Incorrect file descriptor.'
2024-08-30 14:51:21.974+0000 WARN  [o.n.k.i.t.l.f.LogFileChannelNativeAccessor] [system/00000000] Unable to evict transaction log from cache with version: 0. Error: ErrorCode=-1, errorMessage='Incorrect file descriptor.'
2024-08-30 14:51:21.976+0000 INFO  [o.n.k.i.a.i.IndexingService] [system/00000000] IndexingService.start: indexes not specifically mentioned above are ONLINE
2024-08-30 14:51:22.037+0000 INFO  [o.n.k.a.DatabaseAvailabilityGuard] [system/00000000] Fulfilling of requirement 'Database unavailable' makes database system available.
2024-08-30 14:51:22.038+0000 INFO  [o.n.k.a.DatabaseAvailabilityGuard] [system/00000000] DatabaseId{00000000[system]} is ready.
2024-08-30 14:51:22.214+0000 INFO  [o.n.s.s.s.UserSecurityGraphComponent] Performing postInitialization step for component 'security-users' with version 4 and status CURRENT
2024-08-30 14:51:22.214+0000 INFO  [o.n.s.s.s.UserSecurityGraphComponent] Updating the initial password in component 'security-users'
2024-08-30 14:51:22.241+0000 INFO  [o.n.d.d.DatabaseLifecycles] Creating 'DatabaseId{9b130fe2[neo4j]}'.
2024-08-30 14:51:22.245+0000 INFO  [o.n.d.d.DatabaseLifecycles] Starting 'DatabaseId{9b130fe2[neo4j]}'.
2024-08-30 14:51:22.254+0000 WARN  [o.n.k.i.t.l.f.c.CheckpointFileChannelNativeAccessor] [neo4j/9b130fe2] Unable to advise sequential access for transaction log version: 0. Error: ErrorCode=-1, errorMessage='Incorrect file descriptor.'
2024-08-30 14:51:22.254+0000 WARN  [o.n.k.i.t.l.f.c.CheckpointFileChannelNativeAccessor] [neo4j/9b130fe2] Unable to advise preserve data in cache for transaction log version: 0. Error: ErrorCode=-1, errorMessage='Incorrect file descriptor.'
2024-08-30 14:51:22.254+0000 INFO  [o.n.k.i.t.l.f.c.CheckpointLogFile] [neo4j/9b130fe2] Scanning log file with version 0 for checkpoint entries
2024-08-30 14:51:22.255+0000 WARN  [o.n.k.i.t.l.f.c.CheckpointFileChannelNativeAccessor] [neo4j/9b130fe2] Unable to evict transaction log from cache with version: 0. Error: ErrorCode=-1, errorMessage='Incorrect file descriptor.'
2024-08-30 14:51:22.255+0000 WARN  [o.n.k.i.t.l.f.c.CheckpointFileChannelNativeAccessor] [neo4j/9b130fe2] Unable to advise sequential access for transaction log version: 0. Error: ErrorCode=-1, errorMessage='Incorrect file descriptor.'
2024-08-30 14:51:22.255+0000 WARN  [o.n.k.i.t.l.f.c.CheckpointFileChannelNativeAccessor] [neo4j/9b130fe2] Unable to advise preserve data in cache for transaction log version: 0. Error: ErrorCode=-1, errorMessage='Incorrect file descriptor.'
2024-08-30 14:51:22.255+0000 WARN  [o.n.k.i.t.l.f.c.CheckpointFileChannelNativeAccessor] [neo4j/9b130fe2] Unable to evict transaction log from cache with version: 0. Error: ErrorCode=-1, errorMessage='Incorrect file descriptor.'
2024-08-30 14:51:22.256+0000 WARN  [o.n.k.i.t.l.f.LogFileChannelNativeAccessor] [neo4j/9b130fe2] Unable to advise sequential access for transaction log version: 0. Error: ErrorCode=-1, errorMessage='Incorrect file descriptor.'
2024-08-30 14:51:22.256+0000 WARN  [o.n.k.i.t.l.f.LogFileChannelNativeAccessor] [neo4j/9b130fe2] Unable to advise preserve data in cache for transaction log version: 0. Error: ErrorCode=-1, errorMessage='Incorrect file descriptor.'
2024-08-30 14:51:22.256+0000 WARN  [o.n.k.i.t.l.f.LogFileChannelNativeAccessor] [neo4j/9b130fe2] Unable to evict transaction log from cache with version: 0. Error: ErrorCode=-1, errorMessage='Incorrect file descriptor.'
2024-08-30 14:51:22.257+0000 WARN  [o.n.k.i.t.l.f.LogFileChannelNativeAccessor] [neo4j/9b130fe2] Unable to advise sequential access for transaction log version: 0. Error: ErrorCode=-1, errorMessage='Incorrect file descriptor.'
2024-08-30 14:51:22.257+0000 WARN  [o.n.k.i.t.l.f.LogFileChannelNativeAccessor] [neo4j/9b130fe2] Unable to advise preserve data in cache for transaction log version: 0. Error: ErrorCode=-1, errorMessage='Incorrect file descriptor.'
2024-08-30 14:51:22.257+0000 WARN  [o.n.k.i.t.l.f.LogFileChannelNativeAccessor] [neo4j/9b130fe2] Unable to evict transaction log from cache with version: 0. Error: ErrorCode=-1, errorMessage='Incorrect file descriptor.'
2024-08-30 14:51:22.260+0000 INFO  [o.n.k.i.s.f.RecordFormatSelector] [neo4j/9b130fe2] Selected RecordFormat:PageAlignedV5_0[aligned-1.1] record format from store /data/databases/neo4j
2024-08-30 14:51:22.260+0000 INFO  [o.n.k.i.s.f.RecordFormatSelector] [neo4j/9b130fe2] Selected format from the store files: RecordFormat:PageAlignedV5_0[aligned-1.1]
2024-08-30 14:51:22.327+0000 WARN  [o.n.k.i.t.l.f.c.CheckpointFileChannelNativeAccessor] [neo4j/9b130fe2] Unable to advise sequential access for transaction log version: 0. Error: ErrorCode=-1, errorMessage='Incorrect file descriptor.'
2024-08-30 14:51:22.328+0000 WARN  [o.n.k.i.t.l.f.c.CheckpointFileChannelNativeAccessor] [neo4j/9b130fe2] Unable to advise preserve data in cache for transaction log version: 0. Error: ErrorCode=-1, errorMessage='Incorrect file descriptor.'
2024-08-30 14:51:22.328+0000 WARN  [o.n.k.i.t.l.f.c.CheckpointFileChannelNativeAccessor] [neo4j/9b130fe2] Unable to evict transaction log from cache with version: 0. Error: ErrorCode=-1, errorMessage='Incorrect file descriptor.'
2024-08-30 14:51:22.329+0000 INFO  [o.n.i.d.DiagnosticsManager] [neo4j/9b130fe2] 
                                                                [neo4j/9b130fe2] ********************************************************************************
                                                                [neo4j/9b130fe2]                               [ Database: neo4j ]                               
                                                                [neo4j/9b130fe2] ********************************************************************************
                                                                [neo4j/9b130fe2] --------------------------------------------------------------------------------
                                                                [neo4j/9b130fe2]                                   [ Version ]                                   
                                                                [neo4j/9b130fe2] --------------------------------------------------------------------------------
                                                                [neo4j/9b130fe2] DBMS: community record-aligned-1.1
                                                                [neo4j/9b130fe2] Kernel version: 5.9.0
                                                                [neo4j/9b130fe2] 
                                                                [neo4j/9b130fe2] --------------------------------------------------------------------------------
                                                                [neo4j/9b130fe2]                                 [ Store files ]                                 
                                                                [neo4j/9b130fe2] --------------------------------------------------------------------------------
                                                                [neo4j/9b130fe2] Disk space on partition (Total / Free / Free %): 526762934272 / 514536136704 / 97
                                                                [neo4j/9b130fe2] Storage files stored on file store: ext4
                                                                [neo4j/9b130fe2] Storage files: (filename : modification date - size)
                                                                [neo4j/9b130fe2]   database_lock: 2024-08-16 11:20:43.717+0000 - 0B
                                                                [neo4j/9b130fe2]   neostore: 2024-08-16 11:20:43.693+0000 - 8.000KiB
                                                                [neo4j/9b130fe2]   neostore.counts.db: 2024-08-30 14:51:22.305+0000 - 40.00KiB
                                                                [neo4j/9b130fe2]   neostore.indexstats.db: 2024-08-30 14:51:22.311+0000 - 40.00KiB
                                                                [neo4j/9b130fe2]   neostore.labeltokenstore.db: 2024-08-16 11:20:43.679+0000 - 0B
                                                                [neo4j/9b130fe2]   neostore.labeltokenstore.db.id: 2024-08-30 14:51:22.296+0000 - 40.00KiB
                                                                [neo4j/9b130fe2]   neostore.labeltokenstore.db.names: 2024-08-16 11:20:43.673+0000 - 8.000KiB
                                                                [neo4j/9b130fe2]   neostore.labeltokenstore.db.names.id: 2024-08-30 14:51:22.294+0000 - 40.00KiB
                                                                [neo4j/9b130fe2]   neostore.nodestore.db: 2024-08-16 11:20:43.652+0000 - 0B
                                                                [neo4j/9b130fe2]   neostore.nodestore.db.id: 2024-08-30 14:51:22.266+0000 - 40.00KiB
                                                                [neo4j/9b130fe2]   neostore.nodestore.db.labels: 2024-08-16 11:20:43.645+0000 - 8.000KiB
                                                                [neo4j/9b130fe2]   neostore.nodestore.db.labels.id: 2024-08-30 14:51:22.263+0000 - 40.00KiB
                                                                [neo4j/9b130fe2]   neostore.propertystore.db: 2024-08-16 11:28:10.477+0000 - 8.000KiB
                                                                [neo4j/9b130fe2]   neostore.propertystore.db.arrays: 2024-08-16 11:20:43.663+0000 - 8.000KiB
                                                                [neo4j/9b130fe2]   neostore.propertystore.db.arrays.id: 2024-08-30 14:51:22.278+0000 - 40.00KiB
                                                                [neo4j/9b130fe2]   neostore.propertystore.db.id: 2024-08-30 14:51:22.280+0000 - 40.00KiB
                                                                [neo4j/9b130fe2]   neostore.propertystore.db.index: 2024-08-16 11:28:10.479+0000 - 8.000KiB
                                                                [neo4j/9b130fe2]   neostore.propertystore.db.index.id: 2024-08-30 14:51:22.272+0000 - 40.00KiB
                                                                [neo4j/9b130fe2]   neostore.propertystore.db.index.keys: 2024-08-16 11:28:10.481+0000 - 8.000KiB
                                                                [neo4j/9b130fe2]   neostore.propertystore.db.index.keys.id: 2024-08-30 14:51:22.269+0000 - 40.00KiB
                                                                [neo4j/9b130fe2]   neostore.propertystore.db.strings: 2024-08-16 11:20:43.660+0000 - 8.000KiB
                                                                [neo4j/9b130fe2]   neostore.propertystore.db.strings.id: 2024-08-30 14:51:22.274+0000 - 40.00KiB
                                                                [neo4j/9b130fe2]   neostore.relationshipgroupstore.db: 2024-08-16 11:20:43.687+0000 - 8.000KiB
                                                                [neo4j/9b130fe2]   neostore.relationshipgroupstore.db.id: 2024-08-30 14:51:22.303+0000 - 40.00KiB
                                                                [neo4j/9b130fe2]   neostore.relationshipgroupstore.degrees.db: 2024-08-30 14:51:22.308+0000 - 40.00KiB
                                                                [neo4j/9b130fe2]   neostore.relationshipstore.db: 2024-08-16 11:20:43.666+0000 - 0B
                                                                [neo4j/9b130fe2]   neostore.relationshipstore.db.id: 2024-08-30 14:51:22.286+0000 - 40.00KiB
                                                                [neo4j/9b130fe2]   neostore.relationshiptypestore.db: 2024-08-16 11:20:43.672+0000 - 0B
                                                                [neo4j/9b130fe2]   neostore.relationshiptypestore.db.id: 2024-08-30 14:51:22.291+0000 - 40.00KiB
                                                                [neo4j/9b130fe2]   neostore.relationshiptypestore.db.names: 2024-08-16 11:20:43.667+0000 - 8.000KiB
                                                                [neo4j/9b130fe2]   neostore.relationshiptypestore.db.names.id: 2024-08-30 14:51:22.289+0000 - 40.00KiB
                                                                [neo4j/9b130fe2]   neostore.schemastore.db: 2024-08-16 11:28:10.478+0000 - 8.000KiB
                                                                [neo4j/9b130fe2]   neostore.schemastore.db.id: 2024-08-30 14:51:22.300+0000 - 40.00KiB
                                                                [neo4j/9b130fe2]   schema:
                                                                [neo4j/9b130fe2]     index:
                                                                [neo4j/9b130fe2]       token-lookup-1.0:
                                                                [neo4j/9b130fe2]         1:
                                                                [neo4j/9b130fe2]           index-1: 2024-08-16 11:28:10.490+0000 - 40.00KiB
                                                                [neo4j/9b130fe2]         - Total: 2024-08-16 11:20:43.742+0000 - 40.00KiB
                                                                [neo4j/9b130fe2]         2:
                                                                [neo4j/9b130fe2]           index-2: 2024-08-16 11:28:10.491+0000 - 40.00KiB
                                                                [neo4j/9b130fe2]         - Total: 2024-08-16 11:20:43.762+0000 - 40.00KiB
                                                                [neo4j/9b130fe2]       - Total: 2024-08-16 11:20:43.762+0000 - 80.00KiB
                                                                [neo4j/9b130fe2]     - Total: 2024-08-16 11:20:43.742+0000 - 80.00KiB
                                                                [neo4j/9b130fe2]   - Total: 2024-08-16 11:20:43.741+0000 - 80.00KiB
                                                                [neo4j/9b130fe2] Storage summary: 
                                                                [neo4j/9b130fe2]   Total size of store: 848.0KiB
                                                                [neo4j/9b130fe2]   Total size of mapped files: 168.0KiB
                                                                [neo4j/9b130fe2] 
                                                                [neo4j/9b130fe2] --------------------------------------------------------------------------------
                                                                [neo4j/9b130fe2]                               [ Transaction log ]                               
                                                                [neo4j/9b130fe2] --------------------------------------------------------------------------------
                                                                [neo4j/9b130fe2] Transaction log files stored on file store: ext4
                                                                [neo4j/9b130fe2] Transaction log metadata:
                                                                [neo4j/9b130fe2]  - current kernel version used in transactions: V5_9
                                                                [neo4j/9b130fe2]  - last committed transaction id: 3
                                                                [neo4j/9b130fe2] Transaction log files:
                                                                [neo4j/9b130fe2]  - existing transaction log versions: 0-0
                                                                [neo4j/9b130fe2]  - oldest transaction 2 found in log with version 0
                                                                [neo4j/9b130fe2]  - files: (filename : creation date - size)
                                                                [neo4j/9b130fe2]      neostore.transaction.db.0: 2024-08-16 11:20:43.737+0000 - 3.381KiB
                                                                [neo4j/9b130fe2]  - total size of files: 3.381KiB
                                                                [neo4j/9b130fe2] Checkpoint log files:
                                                                [neo4j/9b130fe2]  - existing checkpoint log versions: 0-0
                                                                [neo4j/9b130fe2]  - last checkpoint: CheckpointInfo[transactionLogPosition=LogPosition{logVersion=0, byteOffset=3462}, storeId=StoreId{creationTime=1723807243694, random=6793648274496324964, storageEngineName='record', formatName='aligned', majorVersion=1, minorVersion=1}, checkpointEntryPosition=LogPosition{logVersion=0, byteOffset=128}, channelPositionAfterCheckpoint=LogPosition{logVersion=0, byteOffset=360}, checkpointFilePostReadPosition=LogPosition{logVersion=0, byteOffset=360}, kernelVersion=KernelVersion{V5_9,version=8}, transactionId=TransactionId[transactionId=3, checksum=-819057695, commitTimestamp=1723807243733, consensusIndex=-1], reason=Checkpoint triggered by "Database shutdown" @ txId: 3]
                                                                [neo4j/9b130fe2] 
                                                                [neo4j/9b130fe2] --------------------------------------------------------------------------------
                                                                [neo4j/9b130fe2]                                   [ Id usage ]                                  
                                                                [neo4j/9b130fe2] --------------------------------------------------------------------------------
                                                                [neo4j/9b130fe2] ArrayPropertyStore[neostore.nodestore.db.labels]: used=1 high=0
                                                                [neo4j/9b130fe2] NodeStore[neostore.nodestore.db]: used=0 high=-1
                                                                [neo4j/9b130fe2] StringPropertyStore[neostore.propertystore.db.index.keys]: used=20 high=19
                                                                [neo4j/9b130fe2] PropertyIndexStore[neostore.propertystore.db.index]: used=10 high=9
                                                                [neo4j/9b130fe2] StringPropertyStore[neostore.propertystore.db.strings]: used=1 high=0
                                                                [neo4j/9b130fe2] ArrayPropertyStore[neostore.propertystore.db.arrays]: used=1 high=0
                                                                [neo4j/9b130fe2] PropertyStore[neostore.propertystore.db]: used=8 high=7
                                                                [neo4j/9b130fe2] RelationshipStore[neostore.relationshipstore.db]: used=0 high=-1
                                                                [neo4j/9b130fe2] StringPropertyStore[neostore.relationshiptypestore.db.names]: used=1 high=0
                                                                [neo4j/9b130fe2] RelationshipTypeStore[neostore.relationshiptypestore.db]: used=0 high=-1
                                                                [neo4j/9b130fe2] StringPropertyStore[neostore.labeltokenstore.db.names]: used=1 high=0
                                                                [neo4j/9b130fe2] LabelTokenStore[neostore.labeltokenstore.db]: used=0 high=-1
                                                                [neo4j/9b130fe2] SchemaStore[neostore.schemastore.db]: used=3 high=2
                                                                [neo4j/9b130fe2] RelationshipGroupStore[neostore.relationshipgroupstore.db]: used=1 high=0
                                                                [neo4j/9b130fe2] NeoStore[neostore]: used=-1 high=-1
                                                                [neo4j/9b130fe2] 
                                                                [neo4j/9b130fe2] --------------------------------------------------------------------------------
                                                                [neo4j/9b130fe2]                                   [ Metadata ]                                  
                                                                [neo4j/9b130fe2] --------------------------------------------------------------------------------
                                                                [neo4j/9b130fe2] EXTERNAL_STORE_UUID (Database identifier exposed as external store identity. Generated on creation and never updated): af155fdc-b2cb-4903-9550-0c6e1c3111e4
                                                                [neo4j/9b130fe2] DATABASE_ID (The last used DatabaseId for this database): null
                                                                [neo4j/9b130fe2] LEGACY_STORE_VERSION (Legacy store format version. This field is used from 5.0 onwards only to distinguish non-migrated pre 5.0 metadata stores.): -3523014627327384477
                                                                [neo4j/9b130fe2] STORE_ID (Store ID): StoreId{creationTime=1723807243694, random=6793648274496324964, storageEngineName='record', formatName='aligned', majorVersion=1, minorVersion=1}
                                                                [neo4j/9b130fe2] 
2024-08-30 14:51:22.338+0000 INFO  [o.n.k.i.a.i.IndexingService] [neo4j/9b130fe2] IndexingService.init: indexes not specifically mentioned above are ONLINE
2024-08-30 14:51:22.340+0000 INFO  [o.n.k.a.DatabaseAvailabilityGuard] [neo4j/9b130fe2] Requirement `Database unavailable` makes database neo4j unavailable.
2024-08-30 14:51:22.340+0000 INFO  [o.n.k.a.DatabaseAvailabilityGuard] [neo4j/9b130fe2] DatabaseId{9b130fe2[neo4j]} is unavailable.
2024-08-30 14:51:22.344+0000 WARN  [o.n.k.i.t.l.f.LogFileChannelNativeAccessor] [neo4j/9b130fe2] Unable to advise sequential access for transaction log version: 0. Error: ErrorCode=-1, errorMessage='Incorrect file descriptor.'
2024-08-30 14:51:22.344+0000 WARN  [o.n.k.i.t.l.f.LogFileChannelNativeAccessor] [neo4j/9b130fe2] Unable to advise preserve data in cache for transaction log version: 0. Error: ErrorCode=-1, errorMessage='Incorrect file descriptor.'
2024-08-30 14:51:22.344+0000 INFO  [o.n.k.d.Database] [neo4j/9b130fe2] Starting transaction log [/data/transactions/neo4j/neostore.transaction.db.0] at version=0
2024-08-30 14:51:22.357+0000 WARN  [o.n.k.i.t.l.f.c.CheckpointFileChannelNativeAccessor] [neo4j/9b130fe2] Unable to advise sequential access for transaction log version: 0. Error: ErrorCode=-1, errorMessage='Incorrect file descriptor.'
2024-08-30 14:51:22.357+0000 WARN  [o.n.k.i.t.l.f.c.CheckpointFileChannelNativeAccessor] [neo4j/9b130fe2] Unable to advise preserve data in cache for transaction log version: 0. Error: ErrorCode=-1, errorMessage='Incorrect file descriptor.'
2024-08-30 14:51:22.357+0000 INFO  [o.n.k.d.Database] [neo4j/9b130fe2] Starting transaction log [/data/transactions/neo4j/checkpoint.0] at version=0
2024-08-30 14:51:22.358+0000 WARN  [o.n.k.i.t.l.f.c.CheckpointFileChannelNativeAccessor] [neo4j/9b130fe2] Unable to advise sequential access for transaction log version: 0. Error: ErrorCode=-1, errorMessage='Incorrect file descriptor.'
2024-08-30 14:51:22.358+0000 WARN  [o.n.k.i.t.l.f.c.CheckpointFileChannelNativeAccessor] [neo4j/9b130fe2] Unable to advise preserve data in cache for transaction log version: 0. Error: ErrorCode=-1, errorMessage='Incorrect file descriptor.'
2024-08-30 14:51:22.358+0000 INFO  [o.n.k.i.t.l.f.c.CheckpointLogFile] [neo4j/9b130fe2] Scanning log file with version 0 for checkpoint entries
2024-08-30 14:51:22.358+0000 WARN  [o.n.k.i.t.l.f.c.CheckpointFileChannelNativeAccessor] [neo4j/9b130fe2] Unable to evict transaction log from cache with version: 0. Error: ErrorCode=-1, errorMessage='Incorrect file descriptor.'
2024-08-30 14:51:22.359+0000 WARN  [o.n.k.i.t.l.f.c.CheckpointFileChannelNativeAccessor] [neo4j/9b130fe2] Unable to advise sequential access for transaction log version: 0. Error: ErrorCode=-1, errorMessage='Incorrect file descriptor.'
2024-08-30 14:51:22.359+0000 WARN  [o.n.k.i.t.l.f.c.CheckpointFileChannelNativeAccessor] [neo4j/9b130fe2] Unable to advise preserve data in cache for transaction log version: 0. Error: ErrorCode=-1, errorMessage='Incorrect file descriptor.'
2024-08-30 14:51:22.359+0000 WARN  [o.n.k.i.t.l.f.c.CheckpointFileChannelNativeAccessor] [neo4j/9b130fe2] Unable to evict transaction log from cache with version: 0. Error: ErrorCode=-1, errorMessage='Incorrect file descriptor.'
2024-08-30 14:51:22.359+0000 WARN  [o.n.k.i.t.l.f.LogFileChannelNativeAccessor] [neo4j/9b130fe2] Unable to advise sequential access for transaction log version: 0. Error: ErrorCode=-1, errorMessage='Incorrect file descriptor.'
2024-08-30 14:51:22.359+0000 WARN  [o.n.k.i.t.l.f.LogFileChannelNativeAccessor] [neo4j/9b130fe2] Unable to advise preserve data in cache for transaction log version: 0. Error: ErrorCode=-1, errorMessage='Incorrect file descriptor.'
2024-08-30 14:51:22.359+0000 WARN  [o.n.k.i.t.l.f.LogFileChannelNativeAccessor] [neo4j/9b130fe2] Unable to evict transaction log from cache with version: 0. Error: ErrorCode=-1, errorMessage='Incorrect file descriptor.'
2024-08-30 14:51:22.360+0000 WARN  [o.n.k.i.t.l.f.LogFileChannelNativeAccessor] [neo4j/9b130fe2] Unable to advise sequential access for transaction log version: 0. Error: ErrorCode=-1, errorMessage='Incorrect file descriptor.'
2024-08-30 14:51:22.360+0000 WARN  [o.n.k.i.t.l.f.LogFileChannelNativeAccessor] [neo4j/9b130fe2] Unable to advise preserve data in cache for transaction log version: 0. Error: ErrorCode=-1, errorMessage='Incorrect file descriptor.'
2024-08-30 14:51:22.360+0000 WARN  [o.n.k.i.t.l.f.LogFileChannelNativeAccessor] [neo4j/9b130fe2] Unable to evict transaction log from cache with version: 0. Error: ErrorCode=-1, errorMessage='Incorrect file descriptor.'
2024-08-30 14:51:22.360+0000 INFO  [o.n.k.i.a.i.IndexingService] [neo4j/9b130fe2] IndexingService.start: indexes not specifically mentioned above are ONLINE
2024-08-30 14:51:22.361+0000 INFO  [o.n.k.a.DatabaseAvailabilityGuard] [neo4j/9b130fe2] Fulfilling of requirement 'Database unavailable' makes database neo4j available.
2024-08-30 14:51:22.362+0000 INFO  [o.n.k.a.DatabaseAvailabilityGuard] [neo4j/9b130fe2] DatabaseId{9b130fe2[neo4j]} is ready.
2024-08-30 14:51:22.425+0000 INFO  [o.n.b.p.c.c.n.SocketNettyConnector] Bolt enabled on 0.0.0.0:7687.
2024-08-30 14:51:22.425+0000 INFO  [o.n.b.BoltServer] Bolt server started
2024-08-30 14:51:22.426+0000 INFO  [o.n.s.A.ServerComponentsLifecycleAdapter] Starting web server
2024-08-30 14:51:23.589+0000 INFO  [o.n.s.CommunityNeoWebServer] Remote interface available at http://localhost:7474/
2024-08-30 14:51:23.589+0000 INFO  [o.n.s.A.ServerComponentsLifecycleAdapter] Web server started.
2024-08-30 14:51:23.592+0000 INFO  [o.n.g.f.DatabaseManagementServiceFactory] id: FD9F2F89A02199A0A9EBB4A60B8A9F59E7FF344C4EF02E9931DA2D4D15F27FFA
2024-08-30 14:51:23.592+0000 INFO  [o.n.g.f.DatabaseManagementServiceFactory] name: system
2024-08-30 14:51:23.593+0000 INFO  [o.n.g.f.DatabaseManagementServiceFactory] creationDate: 2024-08-16T11:20:42.513Z
2024-08-30 14:57:49.199+0000 INFO  [o.n.g.f.DatabaseManagementServiceFactory] Shutdown started
2024-08-30 14:57:49.224+0000 INFO  [o.n.b.BoltServer] Requested Bolt server shutdown
2024-08-30 14:57:49.225+0000 INFO  [o.n.b.p.c.c.ConnectionRegistry] Stopping remaining idle connections for connector bolt
2024-08-30 14:57:49.225+0000 INFO  [o.n.b.p.c.c.ConnectionRegistry] Stopped 0 idling connections for connector bolt
2024-08-30 14:57:49.230+0000 INFO  [o.n.d.d.DatabaseLifecycles] Stopping 'DatabaseId{9b130fe2[neo4j]}'.
2024-08-30 14:57:49.232+0000 INFO  [o.n.k.a.DatabaseAvailabilityGuard] [neo4j/9b130fe2] Requirement `Database unavailable` makes database neo4j unavailable.
2024-08-30 14:57:49.232+0000 INFO  [o.n.k.a.DatabaseAvailabilityGuard] [neo4j/9b130fe2] DatabaseId{9b130fe2[neo4j]} is unavailable.
2024-08-30 14:57:49.235+0000 INFO  [o.n.k.d.Database] [neo4j/9b130fe2] Waiting for closing transactions.
2024-08-30 14:57:49.236+0000 INFO  [o.n.k.d.Database] [neo4j/9b130fe2] All transactions are closed.
2024-08-30 14:57:49.237+0000 INFO  [o.n.k.i.t.l.c.CheckPointerImpl] [neo4j/9b130fe2] Checkpoint triggered by "Database shutdown" @ txId: 3 checkpoint started...
2024-08-30 14:57:49.275+0000 INFO  [o.n.k.i.t.l.c.CheckPointerImpl] [neo4j/9b130fe2] Checkpoint triggered by "Database shutdown" @ txId: 3 checkpoint completed in 34ms. Checkpoint flushed 22 pages (0% of total available pages), in 22 IOs. Checkpoint performed with IO limit: unlimited, paused in total 0 times( 0 millis).
2024-08-30 14:57:49.281+0000 INFO  [o.n.k.i.t.l.p.LogPruningImpl] [neo4j/9b130fe2] No log version pruned. The strategy used was '2 days'. 
2024-08-30 14:57:49.287+0000 WARN  [o.n.k.i.t.l.f.c.CheckpointFileChannelNativeAccessor] [neo4j/9b130fe2] Unable to evict transaction log from cache with version: 0. Error: ErrorCode=-1, errorMessage='Incorrect file descriptor.'
2024-08-30 14:57:49.287+0000 WARN  [o.n.k.i.t.l.f.LogFileChannelNativeAccessor] [neo4j/9b130fe2] Unable to evict transaction log from cache with version: 0. Error: ErrorCode=-1, errorMessage='Incorrect file descriptor.'
2024-08-30 14:57:49.331+0000 INFO  [o.n.d.d.DatabaseLifecycles] Stopped 'DatabaseId{9b130fe2[neo4j]}' successfully.
2024-08-30 14:57:49.331+0000 INFO  [o.n.d.d.DatabaseLifecycles] Stopping 'DatabaseId{00000000[system]}'.
2024-08-30 14:57:49.332+0000 INFO  [o.n.k.a.DatabaseAvailabilityGuard] [system/00000000] Requirement `Database unavailable` makes database system unavailable.
2024-08-30 14:57:49.332+0000 INFO  [o.n.k.a.DatabaseAvailabilityGuard] [system/00000000] DatabaseId{00000000[system]} is unavailable.
2024-08-30 14:57:49.338+0000 INFO  [o.n.k.d.Database] [system/00000000] Waiting for closing transactions.
2024-08-30 14:57:49.339+0000 INFO  [o.n.k.d.Database] [system/00000000] All transactions are closed.
2024-08-30 14:57:49.339+0000 INFO  [o.n.k.i.t.l.c.CheckPointerImpl] [system/00000000] Checkpoint triggered by "Database shutdown" @ txId: 37 checkpoint started...
2024-08-30 14:57:49.355+0000 INFO  [o.n.k.i.t.l.c.CheckPointerImpl] [system/00000000] Checkpoint triggered by "Database shutdown" @ txId: 37 checkpoint completed in 16ms. Checkpoint flushed 26 pages (0% of total available pages), in 26 IOs. Checkpoint performed with IO limit: unlimited, paused in total 0 times( 0 millis).
2024-08-30 14:57:49.355+0000 INFO  [o.n.k.i.t.l.p.LogPruningImpl] [system/00000000] No log version pruned. The strategy used was '2 days'. 
2024-08-30 14:57:49.360+0000 WARN  [o.n.k.i.t.l.f.c.CheckpointFileChannelNativeAccessor] [system/00000000] Unable to evict transaction log from cache with version: 0. Error: ErrorCode=-1, errorMessage='Incorrect file descriptor.'
2024-08-30 14:57:49.361+0000 WARN  [o.n.k.i.t.l.f.LogFileChannelNativeAccessor] [system/00000000] Unable to evict transaction log from cache with version: 0. Error: ErrorCode=-1, errorMessage='Incorrect file descriptor.'
2024-08-30 14:57:49.375+0000 INFO  [o.n.d.d.DatabaseLifecycles] Stopped 'DatabaseId{00000000[system]}' successfully.
2024-08-30 14:57:49.378+0000 INFO  [o.n.b.BoltServer] Shutting down Bolt server
2024-08-30 14:57:49.378+0000 INFO  [o.n.b.p.c.c.ConnectionRegistry] Stopping 0 connections for connector bolt
2024-08-30 14:57:49.378+0000 INFO  [o.n.b.p.c.c.ConnectionRegistry] Stopped all remaining connections for connector bolt
2024-08-30 14:57:54.409+0000 INFO  [o.n.b.BoltServer] Bolt server has been shut down
2024-08-30 14:59:54.074+0000 WARN  [o.n.k.i.JvmChecker] The max heap memory has not been configured. It is recommended that it is always explicitly configured, to ensure the system has a balanced configuration. Until then, a JVM computed heuristic of 2069889024 bytes is used instead. If you are running neo4j server, you need to configure server.memory.heap.max_size in neo4j.conf. If you are running neo4j embedded, you have to launch the JVM with -Xmx set to a value. You can run neo4j-admin server memory-recommendation for memory configuration suggestions.
2024-08-30 14:59:54.075+0000 WARN  [o.n.k.i.JvmChecker] The initial heap memory has not been configured. It is recommended that it is always explicitly configured, to ensure the system has a balanced configuration. Until then, a JVM computed heuristic of 130023424 bytes is used instead. If you are running neo4j server, you need to configure server.memory.heap.initial_size in neo4j.conf. If you are running neo4j embedded, you have to launch the JVM with -Xms set to a value. You can run neo4j-admin server memory-recommendation for memory configuration suggestions.
2024-08-30 14:59:54.117+0000 WARN  [o.n.i.p.PageCache] Reflection access to java.nio.DirectByteBuffer is not available, using fallback mode. This could have negative impact on performance and memory usage. Consider adding --add-opens=java.base/java.nio=ALL-UNNAMED to VM options.
2024-08-30 14:59:54.324+0000 INFO  [o.n.i.d.DiagnosticsManager] 
                                                                ********************************************************************************
                                                                                             [ System diagnostics ]                             
                                                                ********************************************************************************
                                                                --------------------------------------------------------------------------------
                                                                                         [ System memory information ]                          
                                                                --------------------------------------------------------------------------------
                                                                Total Physical memory: 7.710GiB
                                                                Free Physical memory: 5.485GiB
                                                                Committed virtual memory: 5.352GiB
                                                                Total swap space: 2.000GiB
                                                                Free swap space: 2.000GiB
                                                                
                                                                --------------------------------------------------------------------------------
                                                                                           [ JVM memory information ]                           
                                                                --------------------------------------------------------------------------------
                                                                Free  memory: 54.77MiB
                                                                Total memory: 77.00MiB
                                                                Max   memory: 1.928GiB
                                                                Garbage Collector: G1 Young Generation: [G1 Eden Space, G1 Survivor Space, G1 Old Gen]
                                                                Garbage Collector: G1 Old Generation: [G1 Eden Space, G1 Survivor Space, G1 Old Gen]
                                                                Memory Pool: CodeHeap 'non-nmethods' (Non-heap memory): committed=2.438MiB, used=1.221MiB, max=5.570MiB, threshold=0B
                                                                Memory Pool: Metaspace (Non-heap memory): committed=21.50MiB, used=21.14MiB, max=-1B, threshold=0B
                                                                Memory Pool: CodeHeap 'profiled nmethods' (Non-heap memory): committed=4.313MiB, used=4.295MiB, max=117.2MiB, threshold=0B
                                                                Memory Pool: Compressed Class Space (Non-heap memory): committed=2.438MiB, used=2.276MiB, max=1.000GiB, threshold=0B
                                                                Memory Pool: G1 Eden Space (Heap memory): committed=56.00MiB, used=2.000MiB, max=-1B, threshold=?
                                                                Memory Pool: G1 Old Gen (Heap memory): committed=19.00MiB, used=18.28MiB, max=1.928GiB, threshold=0B
                                                                Memory Pool: G1 Survivor Space (Heap memory): committed=2.000MiB, used=1.954MiB, max=-1B, threshold=?
                                                                Memory Pool: CodeHeap 'non-profiled nmethods' (Non-heap memory): committed=2.438MiB, used=1.173MiB, max=117.2MiB, threshold=0B
                                                                
                                                                --------------------------------------------------------------------------------
                                                                                        [ Operating system information ]                        
                                                                --------------------------------------------------------------------------------
                                                                Operating System: Linux; version: 6.8.0-40-generic; arch: amd64; cpus: 8
                                                                Max number of file descriptors: 1048576
                                                                Number of open file descriptors: 194
                                                                Process id: 7
                                                                Byte order: LITTLE_ENDIAN
                                                                Local timezone: Etc/UTC
                                                                Memory page size: 4096
                                                                Unaligned memory access allowed: true
                                                                
                                                                --------------------------------------------------------------------------------
                                                                                              [ JVM information ]                               
                                                                --------------------------------------------------------------------------------
                                                                VM Name: OpenJDK 64-Bit Server VM
                                                                VM Vendor: Eclipse Adoptium
                                                                VM Version: 17.0.7+7
                                                                JIT compiler: HotSpot 64-Bit Tiered Compilers
                                                                VM Arguments: [-Dfile.encoding=UTF-8]
                                                                
                                                                --------------------------------------------------------------------------------
                                                                                               [ Java classpath ]                               
                                                                --------------------------------------------------------------------------------
                                                                 [classpath] /var/lib/neo4j/lib/neo4j-ast-5.9.0.jar
                                                                 [classpath] /var/lib/neo4j/lib/neo4j-procedure-5.9.0.jar
                                                                 [classpath] /var/lib/neo4j/lib/neo4j-security-5.9.0.jar
                                                                 [classpath] /var/lib/neo4j/lib/commons-math3-3.6.1.jar
                                                                 [classpath] /var/lib/neo4j/lib/neo4j-expressions-5.9.0.jar
                                                                 [classpath] /var/lib/neo4j/lib/zstd-jni-1.5.5-2.jar
                                                                 [classpath] /var/lib/neo4j/lib/neo4j-cypher-cache-5.9.0.jar
                                                                 [classpath] /var/lib/neo4j/lib/jPowerShell-3.0.jar
                                                                 [classpath] /var/lib/neo4j/lib/neo4j-ssl-5.9.0.jar
                                                                 [classpath] /var/lib/neo4j/lib/neo4j-server-5.9.0.jar
                                                                 [classpath] /var/lib/neo4j/lib/mercator_2.13-0.2.1.jar
                                                                 [classpath] /var/lib/neo4j/lib/jaxb-runtime-2.3.2.jar
                                                                 [classpath] /var/lib/neo4j/lib/reactive-streams-1.0.4.jar
                                                                 [classpath] /var/lib/neo4j/lib/neo4j-concurrent-5.9.0.jar
                                                                 [classpath] /var/lib/neo4j/lib/lucene-analysis-common-9.6.0.jar
                                                                 [classpath] /var/lib/neo4j/lib/jackson-module-jaxb-annotations-2.15.0.jar
                                                                 [classpath] /var/lib/neo4j/lib/neo4j-spatial-index-5.9.0.jar
                                                                 [classpath] /var/lib/neo4j/lib/lucene-queryparser-9.6.0.jar
                                                                 [classpath] /var/lib/neo4j/lib/jetty-server-9.4.51.v20230217.jar
                                                                 [classpath] /var/lib/neo4j/lib/javassist-3.25.0-GA.jar
                                                                 [classpath] /var/lib/neo4j/lib/netty-transport-native-unix-common-4.1.92.Final.jar
                                                                 [classpath] /var/lib/neo4j/lib/jersey-container-servlet-2.34.jar
                                                                 [classpath] /var/lib/neo4j/lib/neo4j-layout-5.9.0.jar
                                                                 [classpath] /var/lib/neo4j/lib/commons-configuration2-2.9.0.jar
                                                                 [classpath] /var/lib/neo4j/lib/netty-resolver-4.1.92.Final.jar
                                                                 [classpath] /var/lib/neo4j/lib/neo4j-procedure-api-5.9.0.jar
                                                                 [classpath] /var/lib/neo4j/lib/neo4j-configuration-5.9.0.jar
                                                                 [classpath] /var/lib/neo4j/lib/neo4j-graph-algo-5.9.0.jar
                                                                 [classpath] /var/lib/neo4j/conf/*
                                                                 [classpath] /var/lib/neo4j/lib/netty-transport-classes-kqueue-4.1.92.Final.jar
                                                                 [classpath] /var/lib/neo4j/lib/neo4j-codegen-5.9.0.jar
                                                                 [classpath] /var/lib/neo4j/lib/neo4j-dbms-5.9.0.jar
                                                                 [classpath] /var/lib/neo4j/lib/shiro-lang-1.11.0.jar
                                                                 [classpath] /var/lib/neo4j/lib/picocli-4.7.3.jar
                                                                 [classpath] /var/lib/neo4j/lib/neo4j-fabric-5.9.0.jar
                                                                 [classpath] /var/lib/neo4j/lib/WMI4Java-1.6.3.jar
                                                                 [classpath] /var/lib/neo4j/lib/neo4j-cypher-planner-spi-5.9.0.jar
                                                                 [classpath] /var/lib/neo4j/lib/jakarta.xml.bind-api-2.3.2.jar
                                                                 [classpath] /var/lib/neo4j/lib/neo4j-cypher-javacc-parser-5.9.0.jar
                                                                 [classpath] /var/lib/neo4j/lib/shiro-crypto-core-1.11.0.jar
                                                                 [classpath] /var/lib/neo4j/lib/jProcesses-1.6.5.jar
                                                                 [classpath] /var/lib/neo4j/lib/commons-collections-3.2.2.jar
                                                                 [classpath] /var/lib/neo4j/lib/hk2-locator-2.6.1.jar
                                                                 [classpath] /var/lib/neo4j/lib/neo4j-rewriting-5.9.0.jar
                                                                 [classpath] /var/lib/neo4j/lib/jersey-common-2.34.jar
                                                                 [classpath] /var/lib/neo4j/lib/neo4j-cypher-config-5.9.0.jar
                                                                 [classpath] /var/lib/neo4j/lib/netty-handler-4.1.92.Final.jar
                                                                 [classpath] /var/lib/neo4j/lib/neo4j-id-generator-5.9.0.jar
                                                                 [classpath] /var/lib/neo4j/lib/neo4j-cypher-runtime-util-5.9.0.jar
                                                                 [classpath] /var/lib/neo4j/lib/neo4j-wal-5.9.0.jar
                                                                 [classpath] /var/lib/neo4j/lib/netty-buffer-4.1.92.Final.jar
                                                                 [classpath] /var/lib/neo4j/lib/jetty-io-9.4.51.v20230217.jar
                                                                 [classpath] /var/lib/neo4j/lib/slf4j-nop-2.0.7.jar
                                                                 [classpath] /var/lib/neo4j/lib/caffeine-3.1.6.jar
                                                                 [classpath] /var/lib/neo4j/lib/neo4j-import-tool-5.9.0.jar
                                                                 [classpath] /var/lib/neo4j/lib/server-api-5.9.0.jar
                                                                 [classpath] /var/lib/neo4j/lib/eclipse-collections-api-11.1.0.jar
                                                                 [classpath] /var/lib/neo4j/lib/shiro-crypto-cipher-1.11.0.jar
                                                                 [classpath] /var/lib/neo4j/lib/jersey-container-servlet-core-2.34.jar
                                                                 [classpath] /var/lib/neo4j/lib/jackson-jaxrs-json-provider-2.15.0.jar
                                                                 [classpath] /var/lib/neo4j/lib/jackson-annotations-2.15.0.jar
                                                                 [classpath] /var/lib/neo4j/lib/jansi-2.4.0.jar
                                                                 [classpath] /var/lib/neo4j/lib/commons-text-1.10.0.jar
                                                                 [classpath] /var/lib/neo4j/lib/neo4j-storage-engine-util-5.9.0.jar
                                                                 [classpath] /var/lib/neo4j/lib/cypher-ast-factory-5.9.0.jar
                                                                 [classpath] /var/lib/neo4j/lib/neo4j-cypher-macros-5.9.0.jar
                                                                 [classpath] /var/lib/neo4j/lib/scala-reflect-2.13.10.jar
                                                                 [classpath] /var/lib/neo4j/lib/ipaddress-5.4.0.jar
                                                                 [classpath] /var/lib/neo4j/lib/jline-terminal-3.21.0.jar
                                                                 [classpath] /var/lib/neo4j/lib/jetty-security-9.4.51.v20230217.jar
                                                                 [classpath] /var/lib/neo4j/lib/neo4j-cypher-physical-planning-5.9.0.jar
                                                                 [classpath] /var/lib/neo4j/lib/jackson-core-2.15.0.jar
                                                                 [classpath] /var/lib/neo4j/lib/jetty-http-9.4.51.v20230217.jar
                                                                 [classpath] /var/lib/neo4j/lib/lz4-java-1.8.0.jar
                                                                 [classpath] /var/lib/neo4j/lib/cypher-literal-interpreter-5.9.0.jar
                                                                 [classpath] /var/lib/neo4j/lib/jetty-xml-9.4.51.v20230217.jar
                                                                 [classpath] /var/lib/neo4j/lib/netty-tcnative-classes-2.0.60.Final.jar
                                                                 [classpath] /var/lib/neo4j/lib/jackson-jaxrs-base-2.15.0.jar
                                                                 [classpath] /var/lib/neo4j/lib/jakarta.ws.rs-api-2.1.6.jar
                                                                 [classpath] /var/lib/neo4j/lib/neo4j-command-line-5.9.0.jar
                                                                 [classpath] /var/lib/neo4j/lib/jline-terminal-jansi-3.21.0.jar
                                                                 [classpath] /var/lib/neo4j/lib/hk2-api-2.6.1.jar
                                                                 [classpath] /var/lib/neo4j/lib/jetty-webapp-9.4.51.v20230217.jar
                                                                 [classpath] /var/lib/neo4j/lib/shiro-event-1.11.0.jar
                                                                 [classpath] /var/lib/neo4j/lib/neo4j-index-5.9.0.jar
                                                                 [classpath] /var/lib/neo4j/lib/neo4j-monitoring-5.9.0.jar
                                                                 [classpath] /var/lib/neo4j/lib/netty-common-4.1.92.Final.jar
                                                                 [classpath] /var/lib/neo4j/lib/commons-compress-1.23.0.jar
                                                                 [classpath] /var/lib/neo4j/lib/neo4j-cypher-logical-plans-5.9.0.jar
                                                                 [classpath] /var/lib/neo4j/lib/neo4j-lock-5.9.0.jar
                                                                 [classpath] /var/lib/neo4j/lib/jetty-util-9.4.51.v20230217.jar
                                                                 [classpath] /var/lib/neo4j/lib/istack-commons-runtime-3.0.8.jar
                                                                 [classpath] /var/lib/neo4j/lib/annotations-5.9.0.jar
                                                                 [classpath] /var/lib/neo4j/lib/neo4j-token-api-5.9.0.jar
                                                                 [classpath] /var/lib/neo4j/lib/neo4j-native-5.9.0.jar
                                                                 [classpath] /var/lib/neo4j/lib/eclipse-collections-11.1.0.jar
                                                                 [classpath] /var/lib/neo4j/lib/netty-transport-native-kqueue-4.1.92.Final-osx-x86_64.jar
                                                                 [classpath] /var/lib/neo4j/lib/neo4j-push-to-cloud-5.9.0.jar
                                                                 [classpath] /var/lib/neo4j/lib/commons-io-2.11.0.jar
                                                                 [classpath] /var/lib/neo4j/lib/neo4j-schema-5.9.0.jar
                                                                 [classpath] /var/lib/neo4j/lib/slf4j-api-2.0.7.jar
                                                                 [classpath] /var/lib/neo4j/lib/neo4j-lucene-index-5.9.0.jar
                                                                 [classpath] /var/lib/neo4j/lib/neo4j-fulltext-index-5.9.0.jar
                                                                 [classpath] /var/lib/neo4j/lib/neo4j-cypher-expression-evaluator-5.9.0.jar
                                                                 [classpath] /var/lib/neo4j/lib/neo4j-collections-5.9.0.jar
                                                                 [classpath] /var/lib/neo4j/lib/jakarta.activation-api-1.2.2.jar
                                                                 [classpath] /var/lib/neo4j/lib/neo4j-kernel-5.9.0.jar
                                                                 [classpath] /var/lib/neo4j/lib/jakarta.validation-api-2.0.2.jar
                                                                 [classpath] /var/lib/neo4j/lib/netty-codec-4.1.92.Final.jar
                                                                 [classpath] /var/lib/neo4j/lib/kiama_2.13-2.5.0.jar
                                                                 [classpath] /var/lib/neo4j/lib/magnolia_2.13-0.17.0.jar
                                                                 [classpath] /var/lib/neo4j/lib/netty-transport-4.1.92.Final.jar
                                                                 [classpath] /var/lib/neo4j/lib/jctools-core-4.0.1.jar
                                                                 [classpath] /var/lib/neo4j/lib/neo4j-unsafe-5.9.0.jar
                                                                 [classpath] /var/lib/neo4j/lib/neo4j-kernel-api-5.9.0.jar
                                                                 [classpath] /var/lib/neo4j/lib/neo4j-import-util-5.9.0.jar
                                                                 [classpath] /var/lib/neo4j/lib/jettison-1.5.4.jar
                                                                 [classpath] /var/lib/neo4j/lib/shiro-config-core-1.11.0.jar
                                                                 [classpath] /var/lib/neo4j/lib/jakarta.inject-2.6.1.jar
                                                                 [classpath] /var/lib/neo4j/lib/hk2-utils-2.6.1.jar
                                                                 [classpath] /var/lib/neo4j/lib/lucene-backward-codecs-9.6.0.jar
                                                                 [classpath] /var/lib/neo4j/lib/stax-ex-1.8.1.jar
                                                                 [classpath] /var/lib/neo4j/lib/neo4j-resource-5.9.0.jar
                                                                 [classpath] /var/lib/neo4j/lib/txw2-2.3.2.jar
                                                                 [classpath] /var/lib/neo4j/lib/shiro-crypto-hash-1.11.0.jar
                                                                 [classpath] /var/lib/neo4j/lib/neo4j-cypher-5.9.0.jar
                                                                 [classpath] /var/lib/neo4j/lib/neo4j-record-storage-engine-5.9.0.jar
                                                                 [classpath] /var/lib/neo4j/lib/neo4j-io-5.9.0.jar
                                                                 [classpath] /var/lib/neo4j/lib/neo4j-front-end-5.9.0.jar
                                                                 [classpath] /var/lib/neo4j/lib/neo4j-cypher-dsl-2023.3.0.jar
                                                                 [classpath] /var/lib/neo4j/lib/neo4j-diagnostics-5.9.0.jar
                                                                 [classpath] /var/lib/neo4j/lib/cypher-shell-5.9.0.jar
                                                                 [classpath] /var/lib/neo4j/lib/log4j-api-2.20.0.jar
                                                                 [classpath] /var/lib/neo4j/lib/jline-reader-3.21.0.jar
                                                                 [classpath] /var/lib/neo4j/lib/neo4j-5.9.0.jar
                                                                 [classpath] /var/lib/neo4j/lib/FastInfoset-1.2.16.jar
                                                                 [classpath] /var/lib/neo4j/lib/argparse4j-0.9.0.jar
                                                                 [classpath] /var/lib/neo4j/lib/log4j-core-2.20.0.jar
                                                                 [classpath] /var/lib/neo4j/lib/neo4j-bootcheck-5.9.0.jar
                                                                 [classpath] /var/lib/neo4j/lib/commons-logging-1.2.jar
                                                                 [classpath] /var/lib/neo4j/lib/zstd-proxy-5.9.0.jar
                                                                 [classpath] /var/lib/neo4j/lib/jna-5.13.0.jar
                                                                 [classpath] /var/lib/neo4j/lib/neo4j-values-5.9.0.jar
                                                                 [classpath] /var/lib/neo4j/lib/scala-library-2.13.10.jar
                                                                 [classpath] /var/lib/neo4j/lib/neo4j-common-5.9.0.jar
                                                                 [classpath] /var/lib/neo4j/lib/netty-transport-native-epoll-4.1.92.Final-linux-x86_64.jar
                                                                 [classpath] /var/lib/neo4j/lib/neo4j-java-driver-5.8.0.jar
                                                                 [classpath] /var/lib/neo4j/lib/netty-transport-native-epoll-4.1.92.Final-linux-aarch_64.jar
                                                                 [classpath] /var/lib/neo4j/lib/neo4j-exceptions-5.9.0.jar
                                                                 [classpath] /var/lib/neo4j/lib/neo4j-data-collector-5.9.0.jar
                                                                 [classpath] /var/lib/neo4j/lib/neo4j-bolt-5.9.0.jar
                                                                 [classpath] /var/lib/neo4j/lib/neo4j-logging-5.9.0.jar
                                                                 [classpath] /var/lib/neo4j/lib/shiro-cache-1.11.0.jar
                                                                 [classpath] /var/lib/neo4j/lib/neo4j-query-router-5.9.0.jar
                                                                 [classpath] /var/lib/neo4j/lib/neo4j-cypher-slotted-runtime-5.9.0.jar
                                                                 [classpath] /var/lib/neo4j/lib/netty-transport-native-kqueue-4.1.92.Final-osx-aarch_64.jar
                                                                 [classpath] /var/lib/neo4j/lib/jackson-databind-2.15.0.jar
                                                                 [classpath] /var/lib/neo4j/lib/neo4j-browser-5.9.0.jar
                                                                 [classpath] /var/lib/neo4j/lib/netty-codec-http-4.1.92.Final.jar
                                                                 [classpath] /var/lib/neo4j/lib/jakarta.annotation-api-1.3.5.jar
                                                                 [classpath] /var/lib/neo4j/lib/jetty-servlet-9.4.51.v20230217.jar
                                                                 [classpath] /var/lib/neo4j/lib/reactor-core-3.5.5.jar
                                                                 [classpath] /var/lib/neo4j/lib/neo4j-graphdb-api-5.9.0.jar
                                                                 [classpath] /var/lib/neo4j/lib/neo4j-cypher-ir-5.9.0.jar
                                                                 [classpath] /var/lib/neo4j/lib/lucene-core-9.6.0.jar
                                                                 [classpath] /var/lib/neo4j/lib/neo4j-consistency-check-5.9.0.jar
                                                                 [classpath] /var/lib/neo4j/lib/neo4j-util-5.9.0.jar
                                                                 [classpath] /var/lib/neo4j/lib/commons-lang3-3.12.0.jar
                                                                 [classpath] /var/lib/neo4j/lib/neo4j-capabilities-5.9.0.jar
                                                                 [classpath] /var/lib/neo4j/lib/neo4j-cypher-ast-factory-5.9.0.jar
                                                                 [classpath] /var/lib/neo4j/lib/neo4j-cypher-interpreted-runtime-5.9.0.jar
                                                                 [classpath] /var/lib/neo4j/lib/neo4j-cypher-planner-5.9.0.jar
                                                                 [classpath] /var/lib/neo4j/lib/netty-transport-classes-epoll-4.1.92.Final.jar
                                                                 [classpath] /var/lib/neo4j/lib/javax.servlet-api-3.1.0.jar
                                                                 [classpath] /var/lib/neo4j/lib/log4j-layout-template-json-2.20.0.jar
                                                                 [classpath] /var/lib/neo4j/lib/jersey-server-2.34.jar
                                                                 [classpath] /var/lib/neo4j/lib/commons-beanutils-1.9.4.jar
                                                                 [classpath] /var/lib/neo4j/lib/shiro-core-1.11.0.jar
                                                                 [classpath] /var/lib/neo4j/lib/shiro-config-ogdl-1.11.0.jar
                                                                 [classpath] /var/lib/neo4j/lib/neo4j-csv-5.9.0.jar
                                                                 [classpath] /var/lib/neo4j/lib/scala-collection-contrib_2.13-0.3.0.jar
                                                                 [classpath] /var/lib/neo4j/lib/jersey-client-2.34.jar
                                                                 [classpath] /var/lib/neo4j/lib/jersey-hk2-2.34.jar
                                                                
                                                                --------------------------------------------------------------------------------
                                                                                                [ Library path ]                                
                                                                --------------------------------------------------------------------------------
                                                                /usr/java/packages/lib
                                                                /usr/lib64
                                                                /lib64
                                                                /lib
                                                                /usr/lib
                                                                
                                                                --------------------------------------------------------------------------------
                                                                                             [ System properties ]                              
                                                                --------------------------------------------------------------------------------
                                                                sun.jnu.encoding = ANSI_X3.4-1968
                                                                sun.arch.data.model = 64
                                                                user.timezone = Etc/UTC
                                                                sun.java.launcher = SUN_STANDARD
                                                                user.country = US
                                                                sun.boot.library.path = /opt/java/openjdk/lib
                                                                sun.java.command = org.neo4j.server.CommunityEntryPoint --home-dir=/var/lib/neo4j --config-dir=/var/lib/neo4j/conf --console-mode
                                                                jdk.debug = release
                                                                sun.cpu.endian = little
                                                                user.home = /var/lib/neo4j
                                                                user.language = en
                                                                file.separator = /
                                                                sun.management.compiler = HotSpot 64-Bit Tiered Compilers
                                                                user.name = neo4j
                                                                path.separator = :
                                                                file.encoding = UTF-8
                                                                jnidispatch.path = /var/lib/neo4j/.cache/JNA/temp/jna14862545854825874931.tmp
                                                                jna.loaded = true
                                                                user.dir = /var/lib/neo4j
                                                                native.encoding = ANSI_X3.4-1968
                                                                sun.io.unicode.encoding = UnicodeLittle
                                                                
                                                                --------------------------------------------------------------------------------
                                                                                      [ (IANA) TimeZone database version ]                      
                                                                --------------------------------------------------------------------------------
                                                                  TimeZone version: 2022g (available for 603 zone identifiers)
                                                                
                                                                --------------------------------------------------------------------------------
                                                                                            [ Network information ]                             
                                                                --------------------------------------------------------------------------------
                                                                Interface eth0:
                                                                    address: 172.18.0.2
                                                                Interface lo:
                                                                    address: 0:0:0:0:0:0:0:1%lo
                                                                    address: 127.0.0.1
                                                                
                                                                --------------------------------------------------------------------------------
                                                                                         [ Native access information ]                          
                                                                --------------------------------------------------------------------------------
                                                                Native access details: Linux native access is available.
                                                                
                                                                --------------------------------------------------------------------------------
                                                                                                [ DBMS config ]                                 
                                                                --------------------------------------------------------------------------------
                                                                DBMS provided settings:
                                                                server.default_listen_address=0.0.0.0
                                                                server.directories.logs=/logs
                                                                server.directories.neo4j_home=/var/lib/neo4j
                                                                server.directories.plugins=/plugins
                                                                server.memory.pagecache.size=512.00MiB
                                                                Directories in use:
                                                                server.directories.data=/var/lib/neo4j/data
                                                                server.directories.dumps.root=/var/lib/neo4j/data/dumps
                                                                server.directories.import=/var/lib/neo4j
                                                                server.directories.lib=/var/lib/neo4j/lib
                                                                server.directories.licenses=/var/lib/neo4j/licenses
                                                                server.directories.logs=/logs
                                                                server.directories.neo4j_home=/var/lib/neo4j
                                                                server.directories.plugins=/plugins
                                                                server.directories.run=/var/lib/neo4j/run
                                                                server.directories.script.root=/var/lib/neo4j/data/scripts
                                                                server.directories.transaction.logs.root=/var/lib/neo4j/data/transactions
                                                                
                                                                --------------------------------------------------------------------------------
                                                                                                 [ Packaging ]                                  
                                                                --------------------------------------------------------------------------------
                                                                Edition: Community
                                                                Package Type: tar
                                                                
2024-08-30 14:59:54.361+0000 INFO  [o.n.d.i.DefaultIdentityModule] Found ServerId on disk: ServerId{c9534e0c} (c9534e0c-ef6a-45a2-b3dd-96175cbccc3a)
2024-08-30 14:59:54.362+0000 INFO  [o.n.d.i.DefaultIdentityModule] This instance is ServerId{c9534e0c} (c9534e0c-ef6a-45a2-b3dd-96175cbccc3a)
2024-08-30 14:59:56.099+0000 INFO  [o.n.s.CommunityNeoWebServer] ======== Neo4j 5.9.0 ========
2024-08-30 14:59:56.117+0000 INFO  [o.n.d.d.DatabaseLifecycles] Creating 'DatabaseId{00000000[system]}'.
2024-08-30 14:59:56.245+0000 INFO  [o.n.b.BoltServer] Using connector transport epoll
2024-08-30 14:59:56.321+0000 INFO  [o.n.b.BoltServer] Configured external Bolt connector with listener address /0.0.0.0:7687
2024-08-30 14:59:56.321+0000 INFO  [o.n.b.BoltServer] Bolt server loaded
2024-08-30 14:59:56.363+0000 INFO  [o.n.d.d.DatabaseLifecycles] Starting 'DatabaseId{00000000[system]}'.
2024-08-30 14:59:56.746+0000 WARN  [o.n.k.i.t.l.f.c.CheckpointFileChannelNativeAccessor] [system/00000000] Unable to advise sequential access for transaction log version: 0. Error: ErrorCode=-1, errorMessage='Incorrect file descriptor.'
2024-08-30 14:59:56.746+0000 WARN  [o.n.k.i.t.l.f.c.CheckpointFileChannelNativeAccessor] [system/00000000] Unable to advise preserve data in cache for transaction log version: 0. Error: ErrorCode=-1, errorMessage='Incorrect file descriptor.'
2024-08-30 14:59:56.751+0000 INFO  [o.n.k.i.t.l.f.c.CheckpointLogFile] [system/00000000] Scanning log file with version 0 for checkpoint entries
2024-08-30 14:59:56.763+0000 WARN  [o.n.k.i.t.l.f.c.CheckpointFileChannelNativeAccessor] [system/00000000] Unable to evict transaction log from cache with version: 0. Error: ErrorCode=-1, errorMessage='Incorrect file descriptor.'
2024-08-30 14:59:56.763+0000 WARN  [o.n.k.i.t.l.f.c.CheckpointFileChannelNativeAccessor] [system/00000000] Unable to advise sequential access for transaction log version: 0. Error: ErrorCode=-1, errorMessage='Incorrect file descriptor.'
2024-08-30 14:59:56.764+0000 WARN  [o.n.k.i.t.l.f.c.CheckpointFileChannelNativeAccessor] [system/00000000] Unable to advise preserve data in cache for transaction log version: 0. Error: ErrorCode=-1, errorMessage='Incorrect file descriptor.'
2024-08-30 14:59:56.764+0000 WARN  [o.n.k.i.t.l.f.c.CheckpointFileChannelNativeAccessor] [system/00000000] Unable to evict transaction log from cache with version: 0. Error: ErrorCode=-1, errorMessage='Incorrect file descriptor.'
2024-08-30 14:59:56.768+0000 WARN  [o.n.k.i.t.l.f.LogFileChannelNativeAccessor] [system/00000000] Unable to advise sequential access for transaction log version: 0. Error: ErrorCode=-1, errorMessage='Incorrect file descriptor.'
2024-08-30 14:59:56.768+0000 WARN  [o.n.k.i.t.l.f.LogFileChannelNativeAccessor] [system/00000000] Unable to advise preserve data in cache for transaction log version: 0. Error: ErrorCode=-1, errorMessage='Incorrect file descriptor.'
2024-08-30 14:59:56.768+0000 WARN  [o.n.k.i.t.l.f.LogFileChannelNativeAccessor] [system/00000000] Unable to evict transaction log from cache with version: 0. Error: ErrorCode=-1, errorMessage='Incorrect file descriptor.'
2024-08-30 14:59:56.769+0000 WARN  [o.n.k.i.t.l.f.LogFileChannelNativeAccessor] [system/00000000] Unable to advise sequential access for transaction log version: 0. Error: ErrorCode=-1, errorMessage='Incorrect file descriptor.'
2024-08-30 14:59:56.769+0000 WARN  [o.n.k.i.t.l.f.LogFileChannelNativeAccessor] [system/00000000] Unable to advise preserve data in cache for transaction log version: 0. Error: ErrorCode=-1, errorMessage='Incorrect file descriptor.'
2024-08-30 14:59:56.769+0000 WARN  [o.n.k.i.t.l.f.LogFileChannelNativeAccessor] [system/00000000] Unable to evict transaction log from cache with version: 0. Error: ErrorCode=-1, errorMessage='Incorrect file descriptor.'
2024-08-30 14:59:56.802+0000 INFO  [o.n.k.i.s.f.RecordFormatSelector] [system/00000000] Selected RecordFormat:PageAlignedV5_0[aligned-1.1] record format from store /data/databases/system
2024-08-30 14:59:56.803+0000 INFO  [o.n.k.i.s.f.RecordFormatSelector] [system/00000000] Selected format from the store files: RecordFormat:PageAlignedV5_0[aligned-1.1]
2024-08-30 14:59:57.378+0000 WARN  [o.n.k.i.t.l.f.c.CheckpointFileChannelNativeAccessor] [system/00000000] Unable to advise sequential access for transaction log version: 0. Error: ErrorCode=-1, errorMessage='Incorrect file descriptor.'
2024-08-30 14:59:57.378+0000 WARN  [o.n.k.i.t.l.f.c.CheckpointFileChannelNativeAccessor] [system/00000000] Unable to advise preserve data in cache for transaction log version: 0. Error: ErrorCode=-1, errorMessage='Incorrect file descriptor.'
2024-08-30 14:59:57.379+0000 WARN  [o.n.k.i.t.l.f.c.CheckpointFileChannelNativeAccessor] [system/00000000] Unable to evict transaction log from cache with version: 0. Error: ErrorCode=-1, errorMessage='Incorrect file descriptor.'
2024-08-30 14:59:57.397+0000 INFO  [o.n.i.d.DiagnosticsManager] [system/00000000] 
                                                                [system/00000000] ********************************************************************************
                                                                [system/00000000]                               [ Database: system ]                              
                                                                [system/00000000] ********************************************************************************
                                                                [system/00000000] --------------------------------------------------------------------------------
                                                                [system/00000000]                                   [ Version ]                                   
                                                                [system/00000000] --------------------------------------------------------------------------------
                                                                [system/00000000] DBMS: community record-aligned-1.1
                                                                [system/00000000] Kernel version: 5.9.0
                                                                [system/00000000] 
                                                                [system/00000000] --------------------------------------------------------------------------------
                                                                [system/00000000]                                 [ Store files ]                                 
                                                                [system/00000000] --------------------------------------------------------------------------------
                                                                [system/00000000] Disk space on partition (Total / Free / Free %): 526762934272 / 514305769472 / 97
                                                                [system/00000000] Storage files stored on file store: ext4
                                                                [system/00000000] Storage files: (filename : modification date - size)
                                                                [system/00000000]   database_lock: 2024-08-16 11:20:42.677+0000 - 0B
                                                                [system/00000000]   neostore: 2024-08-16 11:20:42.514+0000 - 8.000KiB
                                                                [system/00000000]   neostore.counts.db: 2024-08-30 14:59:57.220+0000 - 40.00KiB
                                                                [system/00000000]   neostore.indexstats.db: 2024-08-30 14:59:57.244+0000 - 48.00KiB
                                                                [system/00000000]   neostore.labeltokenstore.db: 2024-08-16 11:28:10.613+0000 - 8.000KiB
                                                                [system/00000000]   neostore.labeltokenstore.db.id: 2024-08-30 14:59:57.182+0000 - 40.00KiB
                                                                [system/00000000]   neostore.labeltokenstore.db.names: 2024-08-16 11:28:10.617+0000 - 8.000KiB
                                                                [system/00000000]   neostore.labeltokenstore.db.names.id: 2024-08-30 14:59:57.178+0000 - 40.00KiB
                                                                [system/00000000]   neostore.nodestore.db: 2024-08-16 11:28:10.614+0000 - 8.000KiB
                                                                [system/00000000]   neostore.nodestore.db.id: 2024-08-30 14:59:57.130+0000 - 40.00KiB
                                                                [system/00000000]   neostore.nodestore.db.labels: 2024-08-16 11:20:42.436+0000 - 8.000KiB
                                                                [system/00000000]   neostore.nodestore.db.labels.id: 2024-08-30 14:59:57.121+0000 - 40.00KiB
                                                                [system/00000000]   neostore.propertystore.db: 2024-08-16 11:28:10.616+0000 - 8.000KiB
                                                                [system/00000000]   neostore.propertystore.db.arrays: 2024-08-16 11:20:42.476+0000 - 8.000KiB
                                                                [system/00000000]   neostore.propertystore.db.arrays.id: 2024-08-30 14:59:57.151+0000 - 40.00KiB
                                                                [system/00000000]   neostore.propertystore.db.id: 2024-08-30 14:59:57.160+0000 - 40.00KiB
                                                                [system/00000000]   neostore.propertystore.db.index: 2024-08-16 11:28:10.608+0000 - 8.000KiB
                                                                [system/00000000]   neostore.propertystore.db.index.id: 2024-08-30 14:59:57.139+0000 - 40.00KiB
                                                                [system/00000000]   neostore.propertystore.db.index.keys: 2024-08-16 11:28:10.615+0000 - 8.000KiB
                                                                [system/00000000]   neostore.propertystore.db.index.keys.id: 2024-08-30 14:59:57.134+0000 - 40.00KiB
                                                                [system/00000000]   neostore.propertystore.db.strings: 2024-08-16 11:28:10.610+0000 - 8.000KiB
                                                                [system/00000000]   neostore.propertystore.db.strings.id: 2024-08-30 14:59:57.149+0000 - 40.00KiB
                                                                [system/00000000]   neostore.relationshipgroupstore.db: 2024-08-16 11:20:42.503+0000 - 8.000KiB
                                                                [system/00000000]   neostore.relationshipgroupstore.db.id: 2024-08-30 14:59:57.191+0000 - 40.00KiB
                                                                [system/00000000]   neostore.relationshipgroupstore.degrees.db: 2024-08-30 14:59:57.235+0000 - 40.00KiB
                                                                [system/00000000]   neostore.relationshipstore.db: 2024-08-16 11:28:10.607+0000 - 8.000KiB
                                                                [system/00000000]   neostore.relationshipstore.db.id: 2024-08-30 14:59:57.165+0000 - 40.00KiB
                                                                [system/00000000]   neostore.relationshiptypestore.db: 2024-08-16 11:28:10.611+0000 - 8.000KiB
                                                                [system/00000000]   neostore.relationshiptypestore.db.id: 2024-08-30 14:59:57.174+0000 - 40.00KiB
                                                                [system/00000000]   neostore.relationshiptypestore.db.names: 2024-08-16 11:28:10.610+0000 - 8.000KiB
                                                                [system/00000000]   neostore.relationshiptypestore.db.names.id: 2024-08-30 14:59:57.169+0000 - 40.00KiB
                                                                [system/00000000]   neostore.schemastore.db: 2024-08-16 11:28:10.613+0000 - 8.000KiB
                                                                [system/00000000]   neostore.schemastore.db.id: 2024-08-30 14:59:57.187+0000 - 40.00KiB
                                                                [system/00000000]   schema:
                                                                [system/00000000]     index:
                                                                [system/00000000]       range-1.0:
                                                                [system/00000000]         3:
                                                                [system/00000000]           index-3: 2024-08-30 14:57:49.357+0000 - 48.00KiB
                                                                [system/00000000]         - Total: 2024-08-16 11:20:43.212+0000 - 48.00KiB
                                                                [system/00000000]         4:
                                                                [system/00000000]           index-4: 2024-08-30 14:57:49.357+0000 - 48.00KiB
                                                                [system/00000000]         - Total: 2024-08-16 11:20:43.254+0000 - 48.00KiB
                                                                [system/00000000]         7:
                                                                [system/00000000]           index-7: 2024-08-30 14:57:49.358+0000 - 48.00KiB
                                                                [system/00000000]         - Total: 2024-08-16 11:20:43.529+0000 - 48.00KiB
                                                                [system/00000000]         8:
                                                                [system/00000000]           index-8: 2024-08-30 14:57:49.358+0000 - 48.00KiB
                                                                [system/00000000]         - Total: 2024-08-16 11:20:43.571+0000 - 48.00KiB
                                                                [system/00000000]       - Total: 2024-08-16 11:20:43.571+0000 - 192.0KiB
                                                                [system/00000000]       token-lookup-1.0:
                                                                [system/00000000]         1:
                                                                [system/00000000]           index-1: 2024-08-30 14:57:49.356+0000 - 48.00KiB
                                                                [system/00000000]         - Total: 2024-08-16 11:20:43.051+0000 - 48.00KiB
                                                                [system/00000000]         2:
                                                                [system/00000000]           index-2: 2024-08-30 14:57:49.357+0000 - 48.00KiB
                                                                [system/00000000]         - Total: 2024-08-16 11:20:43.101+0000 - 48.00KiB
                                                                [system/00000000]       - Total: 2024-08-16 11:20:43.100+0000 - 96.00KiB
                                                                [system/00000000]     - Total: 2024-08-16 11:20:43.211+0000 - 288.0KiB
                                                                [system/00000000]   - Total: 2024-08-16 11:20:43.048+0000 - 288.0KiB
                                                                [system/00000000] Storage summary: 
                                                                [system/00000000]   Total size of store: 1.070MiB
                                                                [system/00000000]   Total size of mapped files: 408.0KiB
                                                                [system/00000000] 
                                                                [system/00000000] --------------------------------------------------------------------------------
                                                                [system/00000000]                               [ Transaction log ]                               
                                                                [system/00000000] --------------------------------------------------------------------------------
                                                                [system/00000000] Transaction log files stored on file store: ext4
                                                                [system/00000000] Transaction log metadata:
                                                                [system/00000000]  - current kernel version used in transactions: V5_9
                                                                [system/00000000]  - last committed transaction id: 37
                                                                [system/00000000] Transaction log files:
                                                                [system/00000000]  - existing transaction log versions: 0-0
                                                                [system/00000000]  - oldest transaction 2 found in log with version 0
                                                                [system/00000000]  - files: (filename : creation date - size)
                                                                [system/00000000]      neostore.transaction.db.0: 2024-08-16 11:20:43.628+0000 - 21.03KiB
                                                                [system/00000000]  - total size of files: 21.03KiB
                                                                [system/00000000] Checkpoint log files:
                                                                [system/00000000]  - existing checkpoint log versions: 0-0
                                                                [system/00000000]  - last checkpoint: CheckpointInfo[transactionLogPosition=LogPosition{logVersion=0, byteOffset=21535}, storeId=StoreId{creationTime=1723807242513, random=8528745655144095747, storageEngineName='record', formatName='aligned', majorVersion=1, minorVersion=1}, checkpointEntryPosition=LogPosition{logVersion=0, byteOffset=360}, channelPositionAfterCheckpoint=LogPosition{logVersion=0, byteOffset=592}, checkpointFilePostReadPosition=LogPosition{logVersion=0, byteOffset=592}, kernelVersion=KernelVersion{V5_9,version=8}, transactionId=TransactionId[transactionId=37, checksum=-1908335854, commitTimestamp=1723807243629, consensusIndex=-1], reason=Checkpoint triggered by "Database shutdown" @ txId: 37]
                                                                [system/00000000] 
                                                                [system/00000000] --------------------------------------------------------------------------------
                                                                [system/00000000]                                   [ Id usage ]                                  
                                                                [system/00000000] --------------------------------------------------------------------------------
                                                                [system/00000000] ArrayPropertyStore[neostore.nodestore.db.labels]: used=1 high=0
                                                                [system/00000000] NodeStore[neostore.nodestore.db]: used=6 high=5
                                                                [system/00000000] StringPropertyStore[neostore.propertystore.db.index.keys]: used=44 high=43
                                                                [system/00000000] PropertyIndexStore[neostore.propertystore.db.index]: used=31 high=30
                                                                [system/00000000] StringPropertyStore[neostore.propertystore.db.strings]: used=3 high=2
                                                                [system/00000000] ArrayPropertyStore[neostore.propertystore.db.arrays]: used=1 high=0
                                                                [system/00000000] PropertyStore[neostore.propertystore.db]: used=59 high=58
                                                                [system/00000000] RelationshipStore[neostore.relationshipstore.db]: used=2 high=1
                                                                [system/00000000] StringPropertyStore[neostore.relationshiptypestore.db.names]: used=2 high=1
                                                                [system/00000000] RelationshipTypeStore[neostore.relationshiptypestore.db]: used=1 high=0
                                                                [system/00000000] StringPropertyStore[neostore.labeltokenstore.db.names]: used=5 high=4
                                                                [system/00000000] LabelTokenStore[neostore.labeltokenstore.db]: used=4 high=3
                                                                [system/00000000] SchemaStore[neostore.schemastore.db]: used=11 high=10
                                                                [system/00000000] RelationshipGroupStore[neostore.relationshipgroupstore.db]: used=1 high=0
                                                                [system/00000000] NeoStore[neostore]: used=-1 high=-1
                                                                [system/00000000] 
                                                                [system/00000000] --------------------------------------------------------------------------------
                                                                [system/00000000]                                   [ Metadata ]                                  
                                                                [system/00000000] --------------------------------------------------------------------------------
                                                                [system/00000000] EXTERNAL_STORE_UUID (Database identifier exposed as external store identity. Generated on creation and never updated): 23e8f11d-cde9-468a-8264-e3473a055845
                                                                [system/00000000] DATABASE_ID (The last used DatabaseId for this database): null
                                                                [system/00000000] LEGACY_STORE_VERSION (Legacy store format version. This field is used from 5.0 onwards only to distinguish non-migrated pre 5.0 metadata stores.): -3523014627327384477
                                                                [system/00000000] STORE_ID (Store ID): StoreId{creationTime=1723807242513, random=8528745655144095747, storageEngineName='record', formatName='aligned', majorVersion=1, minorVersion=1}
                                                                [system/00000000] 
2024-08-30 14:59:57.558+0000 INFO  [o.n.k.i.a.i.IndexingService] [system/00000000] IndexingService.init: indexes not specifically mentioned above are ONLINE
2024-08-30 14:59:57.562+0000 INFO  [o.n.k.a.DatabaseAvailabilityGuard] [system/00000000] Requirement `Database unavailable` makes database system unavailable.
2024-08-30 14:59:57.562+0000 INFO  [o.n.k.a.DatabaseAvailabilityGuard] [system/00000000] DatabaseId{00000000[system]} is unavailable.
2024-08-30 14:59:57.578+0000 WARN  [o.n.k.i.t.l.f.LogFileChannelNativeAccessor] [system/00000000] Unable to advise sequential access for transaction log version: 0. Error: ErrorCode=-1, errorMessage='Incorrect file descriptor.'
2024-08-30 14:59:57.578+0000 WARN  [o.n.k.i.t.l.f.LogFileChannelNativeAccessor] [system/00000000] Unable to advise preserve data in cache for transaction log version: 0. Error: ErrorCode=-1, errorMessage='Incorrect file descriptor.'
2024-08-30 14:59:57.579+0000 INFO  [o.n.k.d.Database] [system/00000000] Starting transaction log [/data/transactions/system/neostore.transaction.db.0] at version=0
2024-08-30 14:59:57.583+0000 WARN  [o.n.k.i.t.l.f.c.CheckpointFileChannelNativeAccessor] [system/00000000] Unable to advise sequential access for transaction log version: 0. Error: ErrorCode=-1, errorMessage='Incorrect file descriptor.'
2024-08-30 14:59:57.584+0000 WARN  [o.n.k.i.t.l.f.c.CheckpointFileChannelNativeAccessor] [system/00000000] Unable to advise preserve data in cache for transaction log version: 0. Error: ErrorCode=-1, errorMessage='Incorrect file descriptor.'
2024-08-30 14:59:57.584+0000 INFO  [o.n.k.d.Database] [system/00000000] Starting transaction log [/data/transactions/system/checkpoint.0] at version=0
2024-08-30 14:59:57.584+0000 WARN  [o.n.k.i.t.l.f.c.CheckpointFileChannelNativeAccessor] [system/00000000] Unable to advise sequential access for transaction log version: 0. Error: ErrorCode=-1, errorMessage='Incorrect file descriptor.'
2024-08-30 14:59:57.584+0000 WARN  [o.n.k.i.t.l.f.c.CheckpointFileChannelNativeAccessor] [system/00000000] Unable to advise preserve data in cache for transaction log version: 0. Error: ErrorCode=-1, errorMessage='Incorrect file descriptor.'
2024-08-30 14:59:57.585+0000 INFO  [o.n.k.i.t.l.f.c.CheckpointLogFile] [system/00000000] Scanning log file with version 0 for checkpoint entries
2024-08-30 14:59:57.585+0000 WARN  [o.n.k.i.t.l.f.c.CheckpointFileChannelNativeAccessor] [system/00000000] Unable to evict transaction log from cache with version: 0. Error: ErrorCode=-1, errorMessage='Incorrect file descriptor.'
2024-08-30 14:59:57.585+0000 WARN  [o.n.k.i.t.l.f.c.CheckpointFileChannelNativeAccessor] [system/00000000] Unable to advise sequential access for transaction log version: 0. Error: ErrorCode=-1, errorMessage='Incorrect file descriptor.'
2024-08-30 14:59:57.585+0000 WARN  [o.n.k.i.t.l.f.c.CheckpointFileChannelNativeAccessor] [system/00000000] Unable to advise preserve data in cache for transaction log version: 0. Error: ErrorCode=-1, errorMessage='Incorrect file descriptor.'
2024-08-30 14:59:57.585+0000 WARN  [o.n.k.i.t.l.f.c.CheckpointFileChannelNativeAccessor] [system/00000000] Unable to evict transaction log from cache with version: 0. Error: ErrorCode=-1, errorMessage='Incorrect file descriptor.'
2024-08-30 14:59:57.586+0000 WARN  [o.n.k.i.t.l.f.LogFileChannelNativeAccessor] [system/00000000] Unable to advise sequential access for transaction log version: 0. Error: ErrorCode=-1, errorMessage='Incorrect file descriptor.'
2024-08-30 14:59:57.586+0000 WARN  [o.n.k.i.t.l.f.LogFileChannelNativeAccessor] [system/00000000] Unable to advise preserve data in cache for transaction log version: 0. Error: ErrorCode=-1, errorMessage='Incorrect file descriptor.'
2024-08-30 14:59:57.586+0000 WARN  [o.n.k.i.t.l.f.LogFileChannelNativeAccessor] [system/00000000] Unable to evict transaction log from cache with version: 0. Error: ErrorCode=-1, errorMessage='Incorrect file descriptor.'
2024-08-30 14:59:57.586+0000 WARN  [o.n.k.i.t.l.f.LogFileChannelNativeAccessor] [system/00000000] Unable to advise sequential access for transaction log version: 0. Error: ErrorCode=-1, errorMessage='Incorrect file descriptor.'
2024-08-30 14:59:57.586+0000 WARN  [o.n.k.i.t.l.f.LogFileChannelNativeAccessor] [system/00000000] Unable to advise preserve data in cache for transaction log version: 0. Error: ErrorCode=-1, errorMessage='Incorrect file descriptor.'
2024-08-30 14:59:57.586+0000 WARN  [o.n.k.i.t.l.f.LogFileChannelNativeAccessor] [system/00000000] Unable to evict transaction log from cache with version: 0. Error: ErrorCode=-1, errorMessage='Incorrect file descriptor.'
2024-08-30 14:59:57.588+0000 INFO  [o.n.k.i.a.i.IndexingService] [system/00000000] IndexingService.start: indexes not specifically mentioned above are ONLINE
2024-08-30 14:59:57.623+0000 INFO  [o.n.k.a.DatabaseAvailabilityGuard] [system/00000000] Fulfilling of requirement 'Database unavailable' makes database system available.
2024-08-30 14:59:57.623+0000 INFO  [o.n.k.a.DatabaseAvailabilityGuard] [system/00000000] DatabaseId{00000000[system]} is ready.
2024-08-30 14:59:57.766+0000 INFO  [o.n.s.s.s.UserSecurityGraphComponent] Performing postInitialization step for component 'security-users' with version 4 and status CURRENT
2024-08-30 14:59:57.767+0000 INFO  [o.n.s.s.s.UserSecurityGraphComponent] Updating the initial password in component 'security-users'
2024-08-30 14:59:57.790+0000 INFO  [o.n.d.d.DatabaseLifecycles] Creating 'DatabaseId{9b130fe2[neo4j]}'.
2024-08-30 14:59:57.794+0000 INFO  [o.n.d.d.DatabaseLifecycles] Starting 'DatabaseId{9b130fe2[neo4j]}'.
2024-08-30 14:59:57.802+0000 WARN  [o.n.k.i.t.l.f.c.CheckpointFileChannelNativeAccessor] [neo4j/9b130fe2] Unable to advise sequential access for transaction log version: 0. Error: ErrorCode=-1, errorMessage='Incorrect file descriptor.'
2024-08-30 14:59:57.802+0000 WARN  [o.n.k.i.t.l.f.c.CheckpointFileChannelNativeAccessor] [neo4j/9b130fe2] Unable to advise preserve data in cache for transaction log version: 0. Error: ErrorCode=-1, errorMessage='Incorrect file descriptor.'
2024-08-30 14:59:57.802+0000 INFO  [o.n.k.i.t.l.f.c.CheckpointLogFile] [neo4j/9b130fe2] Scanning log file with version 0 for checkpoint entries
2024-08-30 14:59:57.803+0000 WARN  [o.n.k.i.t.l.f.c.CheckpointFileChannelNativeAccessor] [neo4j/9b130fe2] Unable to evict transaction log from cache with version: 0. Error: ErrorCode=-1, errorMessage='Incorrect file descriptor.'
2024-08-30 14:59:57.803+0000 WARN  [o.n.k.i.t.l.f.c.CheckpointFileChannelNativeAccessor] [neo4j/9b130fe2] Unable to advise sequential access for transaction log version: 0. Error: ErrorCode=-1, errorMessage='Incorrect file descriptor.'
2024-08-30 14:59:57.803+0000 WARN  [o.n.k.i.t.l.f.c.CheckpointFileChannelNativeAccessor] [neo4j/9b130fe2] Unable to advise preserve data in cache for transaction log version: 0. Error: ErrorCode=-1, errorMessage='Incorrect file descriptor.'
2024-08-30 14:59:57.803+0000 WARN  [o.n.k.i.t.l.f.c.CheckpointFileChannelNativeAccessor] [neo4j/9b130fe2] Unable to evict transaction log from cache with version: 0. Error: ErrorCode=-1, errorMessage='Incorrect file descriptor.'
2024-08-30 14:59:57.804+0000 WARN  [o.n.k.i.t.l.f.LogFileChannelNativeAccessor] [neo4j/9b130fe2] Unable to advise sequential access for transaction log version: 0. Error: ErrorCode=-1, errorMessage='Incorrect file descriptor.'
2024-08-30 14:59:57.804+0000 WARN  [o.n.k.i.t.l.f.LogFileChannelNativeAccessor] [neo4j/9b130fe2] Unable to advise preserve data in cache for transaction log version: 0. Error: ErrorCode=-1, errorMessage='Incorrect file descriptor.'
2024-08-30 14:59:57.804+0000 WARN  [o.n.k.i.t.l.f.LogFileChannelNativeAccessor] [neo4j/9b130fe2] Unable to evict transaction log from cache with version: 0. Error: ErrorCode=-1, errorMessage='Incorrect file descriptor.'
2024-08-30 14:59:57.804+0000 WARN  [o.n.k.i.t.l.f.LogFileChannelNativeAccessor] [neo4j/9b130fe2] Unable to advise sequential access for transaction log version: 0. Error: ErrorCode=-1, errorMessage='Incorrect file descriptor.'
2024-08-30 14:59:57.804+0000 WARN  [o.n.k.i.t.l.f.LogFileChannelNativeAccessor] [neo4j/9b130fe2] Unable to advise preserve data in cache for transaction log version: 0. Error: ErrorCode=-1, errorMessage='Incorrect file descriptor.'
2024-08-30 14:59:57.805+0000 WARN  [o.n.k.i.t.l.f.LogFileChannelNativeAccessor] [neo4j/9b130fe2] Unable to evict transaction log from cache with version: 0. Error: ErrorCode=-1, errorMessage='Incorrect file descriptor.'
2024-08-30 14:59:57.808+0000 INFO  [o.n.k.i.s.f.RecordFormatSelector] [neo4j/9b130fe2] Selected RecordFormat:PageAlignedV5_0[aligned-1.1] record format from store /data/databases/neo4j
2024-08-30 14:59:57.808+0000 INFO  [o.n.k.i.s.f.RecordFormatSelector] [neo4j/9b130fe2] Selected format from the store files: RecordFormat:PageAlignedV5_0[aligned-1.1]
2024-08-30 14:59:57.907+0000 WARN  [o.n.k.i.t.l.f.c.CheckpointFileChannelNativeAccessor] [neo4j/9b130fe2] Unable to advise sequential access for transaction log version: 0. Error: ErrorCode=-1, errorMessage='Incorrect file descriptor.'
2024-08-30 14:59:57.907+0000 WARN  [o.n.k.i.t.l.f.c.CheckpointFileChannelNativeAccessor] [neo4j/9b130fe2] Unable to advise preserve data in cache for transaction log version: 0. Error: ErrorCode=-1, errorMessage='Incorrect file descriptor.'
2024-08-30 14:59:57.908+0000 WARN  [o.n.k.i.t.l.f.c.CheckpointFileChannelNativeAccessor] [neo4j/9b130fe2] Unable to evict transaction log from cache with version: 0. Error: ErrorCode=-1, errorMessage='Incorrect file descriptor.'
2024-08-30 14:59:57.909+0000 INFO  [o.n.i.d.DiagnosticsManager] [neo4j/9b130fe2] 
                                                                [neo4j/9b130fe2] ********************************************************************************
                                                                [neo4j/9b130fe2]                               [ Database: neo4j ]                               
                                                                [neo4j/9b130fe2] ********************************************************************************
                                                                [neo4j/9b130fe2] --------------------------------------------------------------------------------
                                                                [neo4j/9b130fe2]                                   [ Version ]                                   
                                                                [neo4j/9b130fe2] --------------------------------------------------------------------------------
                                                                [neo4j/9b130fe2] DBMS: community record-aligned-1.1
                                                                [neo4j/9b130fe2] Kernel version: 5.9.0
                                                                [neo4j/9b130fe2] 
                                                                [neo4j/9b130fe2] --------------------------------------------------------------------------------
                                                                [neo4j/9b130fe2]                                 [ Store files ]                                 
                                                                [neo4j/9b130fe2] --------------------------------------------------------------------------------
                                                                [neo4j/9b130fe2] Disk space on partition (Total / Free / Free %): 526762934272 / 514305740800 / 97
                                                                [neo4j/9b130fe2] Storage files stored on file store: ext4
                                                                [neo4j/9b130fe2] Storage files: (filename : modification date - size)
                                                                [neo4j/9b130fe2]   database_lock: 2024-08-16 11:20:43.717+0000 - 0B
                                                                [neo4j/9b130fe2]   neostore: 2024-08-16 11:20:43.693+0000 - 8.000KiB
                                                                [neo4j/9b130fe2]   neostore.counts.db: 2024-08-30 14:59:57.879+0000 - 40.00KiB
                                                                [neo4j/9b130fe2]   neostore.indexstats.db: 2024-08-30 14:59:57.893+0000 - 48.00KiB
                                                                [neo4j/9b130fe2]   neostore.labeltokenstore.db: 2024-08-16 11:20:43.679+0000 - 0B
                                                                [neo4j/9b130fe2]   neostore.labeltokenstore.db.id: 2024-08-30 14:59:57.866+0000 - 40.00KiB
                                                                [neo4j/9b130fe2]   neostore.labeltokenstore.db.names: 2024-08-16 11:20:43.673+0000 - 8.000KiB
                                                                [neo4j/9b130fe2]   neostore.labeltokenstore.db.names.id: 2024-08-30 14:59:57.863+0000 - 40.00KiB
                                                                [neo4j/9b130fe2]   neostore.nodestore.db: 2024-08-16 11:20:43.652+0000 - 0B
                                                                [neo4j/9b130fe2]   neostore.nodestore.db.id: 2024-08-30 14:59:57.814+0000 - 40.00KiB
                                                                [neo4j/9b130fe2]   neostore.nodestore.db.labels: 2024-08-16 11:20:43.645+0000 - 8.000KiB
                                                                [neo4j/9b130fe2]   neostore.nodestore.db.labels.id: 2024-08-30 14:59:57.810+0000 - 40.00KiB
                                                                [neo4j/9b130fe2]   neostore.propertystore.db: 2024-08-16 11:28:10.477+0000 - 8.000KiB
                                                                [neo4j/9b130fe2]   neostore.propertystore.db.arrays: 2024-08-16 11:20:43.663+0000 - 8.000KiB
                                                                [neo4j/9b130fe2]   neostore.propertystore.db.arrays.id: 2024-08-30 14:59:57.832+0000 - 40.00KiB
                                                                [neo4j/9b130fe2]   neostore.propertystore.db.id: 2024-08-30 14:59:57.840+0000 - 40.00KiB
                                                                [neo4j/9b130fe2]   neostore.propertystore.db.index: 2024-08-16 11:28:10.479+0000 - 8.000KiB
                                                                [neo4j/9b130fe2]   neostore.propertystore.db.index.id: 2024-08-30 14:59:57.824+0000 - 40.00KiB
                                                                [neo4j/9b130fe2]   neostore.propertystore.db.index.keys: 2024-08-16 11:28:10.481+0000 - 8.000KiB
                                                                [neo4j/9b130fe2]   neostore.propertystore.db.index.keys.id: 2024-08-30 14:59:57.820+0000 - 40.00KiB
                                                                [neo4j/9b130fe2]   neostore.propertystore.db.strings: 2024-08-16 11:20:43.660+0000 - 8.000KiB
                                                                [neo4j/9b130fe2]   neostore.propertystore.db.strings.id: 2024-08-30 14:59:57.828+0000 - 40.00KiB
                                                                [neo4j/9b130fe2]   neostore.relationshipgroupstore.db: 2024-08-16 11:20:43.687+0000 - 8.000KiB
                                                                [neo4j/9b130fe2]   neostore.relationshipgroupstore.db.id: 2024-08-30 14:59:57.872+0000 - 40.00KiB
                                                                [neo4j/9b130fe2]   neostore.relationshipgroupstore.degrees.db: 2024-08-30 14:59:57.882+0000 - 40.00KiB
                                                                [neo4j/9b130fe2]   neostore.relationshipstore.db: 2024-08-16 11:20:43.666+0000 - 0B
                                                                [neo4j/9b130fe2]   neostore.relationshipstore.db.id: 2024-08-30 14:59:57.851+0000 - 40.00KiB
                                                                [neo4j/9b130fe2]   neostore.relationshiptypestore.db: 2024-08-16 11:20:43.672+0000 - 0B
                                                                [neo4j/9b130fe2]   neostore.relationshiptypestore.db.id: 2024-08-30 14:59:57.859+0000 - 40.00KiB
                                                                [neo4j/9b130fe2]   neostore.relationshiptypestore.db.names: 2024-08-16 11:20:43.667+0000 - 8.000KiB
                                                                [neo4j/9b130fe2]   neostore.relationshiptypestore.db.names.id: 2024-08-30 14:59:57.856+0000 - 40.00KiB
                                                                [neo4j/9b130fe2]   neostore.schemastore.db: 2024-08-16 11:28:10.478+0000 - 8.000KiB
                                                                [neo4j/9b130fe2]   neostore.schemastore.db.id: 2024-08-30 14:59:57.869+0000 - 40.00KiB
                                                                [neo4j/9b130fe2]   schema:
                                                                [neo4j/9b130fe2]     index:
                                                                [neo4j/9b130fe2]       token-lookup-1.0:
                                                                [neo4j/9b130fe2]         1:
                                                                [neo4j/9b130fe2]           index-1: 2024-08-30 14:57:49.284+0000 - 40.00KiB
                                                                [neo4j/9b130fe2]         - Total: 2024-08-16 11:20:43.742+0000 - 40.00KiB
                                                                [neo4j/9b130fe2]         2:
                                                                [neo4j/9b130fe2]           index-2: 2024-08-30 14:57:49.285+0000 - 40.00KiB
                                                                [neo4j/9b130fe2]         - Total: 2024-08-16 11:20:43.762+0000 - 40.00KiB
                                                                [neo4j/9b130fe2]       - Total: 2024-08-16 11:20:43.762+0000 - 80.00KiB
                                                                [neo4j/9b130fe2]     - Total: 2024-08-16 11:20:43.742+0000 - 80.00KiB
                                                                [neo4j/9b130fe2]   - Total: 2024-08-16 11:20:43.741+0000 - 80.00KiB
                                                                [neo4j/9b130fe2] Storage summary: 
                                                                [neo4j/9b130fe2]   Total size of store: 856.0KiB
                                                                [neo4j/9b130fe2]   Total size of mapped files: 168.0KiB
                                                                [neo4j/9b130fe2] 
                                                                [neo4j/9b130fe2] --------------------------------------------------------------------------------
                                                                [neo4j/9b130fe2]                               [ Transaction log ]                               
                                                                [neo4j/9b130fe2] --------------------------------------------------------------------------------
                                                                [neo4j/9b130fe2] Transaction log files stored on file store: ext4
                                                                [neo4j/9b130fe2] Transaction log metadata:
                                                                [neo4j/9b130fe2]  - current kernel version used in transactions: V5_9
                                                                [neo4j/9b130fe2]  - last committed transaction id: 3
                                                                [neo4j/9b130fe2] Transaction log files:
                                                                [neo4j/9b130fe2]  - existing transaction log versions: 0-0
                                                                [neo4j/9b130fe2]  - oldest transaction 2 found in log with version 0
                                                                [neo4j/9b130fe2]  - files: (filename : creation date - size)
                                                                [neo4j/9b130fe2]      neostore.transaction.db.0: 2024-08-16 11:20:43.737+0000 - 3.381KiB
                                                                [neo4j/9b130fe2]  - total size of files: 3.381KiB
                                                                [neo4j/9b130fe2] Checkpoint log files:
                                                                [neo4j/9b130fe2]  - existing checkpoint log versions: 0-0
                                                                [neo4j/9b130fe2]  - last checkpoint: CheckpointInfo[transactionLogPosition=LogPosition{logVersion=0, byteOffset=3462}, storeId=StoreId{creationTime=1723807243694, random=6793648274496324964, storageEngineName='record', formatName='aligned', majorVersion=1, minorVersion=1}, checkpointEntryPosition=LogPosition{logVersion=0, byteOffset=360}, channelPositionAfterCheckpoint=LogPosition{logVersion=0, byteOffset=592}, checkpointFilePostReadPosition=LogPosition{logVersion=0, byteOffset=592}, kernelVersion=KernelVersion{V5_9,version=8}, transactionId=TransactionId[transactionId=3, checksum=-819057695, commitTimestamp=1723807243733, consensusIndex=-1], reason=Checkpoint triggered by "Database shutdown" @ txId: 3]
                                                                [neo4j/9b130fe2] 
                                                                [neo4j/9b130fe2] --------------------------------------------------------------------------------
                                                                [neo4j/9b130fe2]                                   [ Id usage ]                                  
                                                                [neo4j/9b130fe2] --------------------------------------------------------------------------------
                                                                [neo4j/9b130fe2] ArrayPropertyStore[neostore.nodestore.db.labels]: used=1 high=0
                                                                [neo4j/9b130fe2] NodeStore[neostore.nodestore.db]: used=0 high=-1
                                                                [neo4j/9b130fe2] StringPropertyStore[neostore.propertystore.db.index.keys]: used=20 high=19
                                                                [neo4j/9b130fe2] PropertyIndexStore[neostore.propertystore.db.index]: used=10 high=9
                                                                [neo4j/9b130fe2] StringPropertyStore[neostore.propertystore.db.strings]: used=1 high=0
                                                                [neo4j/9b130fe2] ArrayPropertyStore[neostore.propertystore.db.arrays]: used=1 high=0
                                                                [neo4j/9b130fe2] PropertyStore[neostore.propertystore.db]: used=8 high=7
                                                                [neo4j/9b130fe2] RelationshipStore[neostore.relationshipstore.db]: used=0 high=-1
                                                                [neo4j/9b130fe2] StringPropertyStore[neostore.relationshiptypestore.db.names]: used=1 high=0
                                                                [neo4j/9b130fe2] RelationshipTypeStore[neostore.relationshiptypestore.db]: used=0 high=-1
                                                                [neo4j/9b130fe2] StringPropertyStore[neostore.labeltokenstore.db.names]: used=1 high=0
                                                                [neo4j/9b130fe2] LabelTokenStore[neostore.labeltokenstore.db]: used=0 high=-1
                                                                [neo4j/9b130fe2] SchemaStore[neostore.schemastore.db]: used=3 high=2
                                                                [neo4j/9b130fe2] RelationshipGroupStore[neostore.relationshipgroupstore.db]: used=1 high=0
                                                                [neo4j/9b130fe2] NeoStore[neostore]: used=-1 high=-1
                                                                [neo4j/9b130fe2] 
                                                                [neo4j/9b130fe2] --------------------------------------------------------------------------------
                                                                [neo4j/9b130fe2]                                   [ Metadata ]                                  
                                                                [neo4j/9b130fe2] --------------------------------------------------------------------------------
                                                                [neo4j/9b130fe2] EXTERNAL_STORE_UUID (Database identifier exposed as external store identity. Generated on creation and never updated): af155fdc-b2cb-4903-9550-0c6e1c3111e4
                                                                [neo4j/9b130fe2] DATABASE_ID (The last used DatabaseId for this database): null
                                                                [neo4j/9b130fe2] LEGACY_STORE_VERSION (Legacy store format version. This field is used from 5.0 onwards only to distinguish non-migrated pre 5.0 metadata stores.): -3523014627327384477
                                                                [neo4j/9b130fe2] STORE_ID (Store ID): StoreId{creationTime=1723807243694, random=6793648274496324964, storageEngineName='record', formatName='aligned', majorVersion=1, minorVersion=1}
                                                                [neo4j/9b130fe2] 
2024-08-30 14:59:57.920+0000 INFO  [o.n.k.i.a.i.IndexingService] [neo4j/9b130fe2] IndexingService.init: indexes not specifically mentioned above are ONLINE
2024-08-30 14:59:57.921+0000 INFO  [o.n.k.a.DatabaseAvailabilityGuard] [neo4j/9b130fe2] Requirement `Database unavailable` makes database neo4j unavailable.
2024-08-30 14:59:57.921+0000 INFO  [o.n.k.a.DatabaseAvailabilityGuard] [neo4j/9b130fe2] DatabaseId{9b130fe2[neo4j]} is unavailable.
2024-08-30 14:59:57.925+0000 WARN  [o.n.k.i.t.l.f.LogFileChannelNativeAccessor] [neo4j/9b130fe2] Unable to advise sequential access for transaction log version: 0. Error: ErrorCode=-1, errorMessage='Incorrect file descriptor.'
2024-08-30 14:59:57.925+0000 WARN  [o.n.k.i.t.l.f.LogFileChannelNativeAccessor] [neo4j/9b130fe2] Unable to advise preserve data in cache for transaction log version: 0. Error: ErrorCode=-1, errorMessage='Incorrect file descriptor.'
2024-08-30 14:59:57.925+0000 INFO  [o.n.k.d.Database] [neo4j/9b130fe2] Starting transaction log [/data/transactions/neo4j/neostore.transaction.db.0] at version=0
2024-08-30 14:59:57.937+0000 WARN  [o.n.k.i.t.l.f.c.CheckpointFileChannelNativeAccessor] [neo4j/9b130fe2] Unable to advise sequential access for transaction log version: 0. Error: ErrorCode=-1, errorMessage='Incorrect file descriptor.'
2024-08-30 14:59:57.937+0000 WARN  [o.n.k.i.t.l.f.c.CheckpointFileChannelNativeAccessor] [neo4j/9b130fe2] Unable to advise preserve data in cache for transaction log version: 0. Error: ErrorCode=-1, errorMessage='Incorrect file descriptor.'
2024-08-30 14:59:57.937+0000 INFO  [o.n.k.d.Database] [neo4j/9b130fe2] Starting transaction log [/data/transactions/neo4j/checkpoint.0] at version=0
2024-08-30 14:59:57.938+0000 WARN  [o.n.k.i.t.l.f.c.CheckpointFileChannelNativeAccessor] [neo4j/9b130fe2] Unable to advise sequential access for transaction log version: 0. Error: ErrorCode=-1, errorMessage='Incorrect file descriptor.'
2024-08-30 14:59:57.938+0000 WARN  [o.n.k.i.t.l.f.c.CheckpointFileChannelNativeAccessor] [neo4j/9b130fe2] Unable to advise preserve data in cache for transaction log version: 0. Error: ErrorCode=-1, errorMessage='Incorrect file descriptor.'
2024-08-30 14:59:57.938+0000 INFO  [o.n.k.i.t.l.f.c.CheckpointLogFile] [neo4j/9b130fe2] Scanning log file with version 0 for checkpoint entries
2024-08-30 14:59:57.938+0000 WARN  [o.n.k.i.t.l.f.c.CheckpointFileChannelNativeAccessor] [neo4j/9b130fe2] Unable to evict transaction log from cache with version: 0. Error: ErrorCode=-1, errorMessage='Incorrect file descriptor.'
2024-08-30 14:59:57.938+0000 WARN  [o.n.k.i.t.l.f.c.CheckpointFileChannelNativeAccessor] [neo4j/9b130fe2] Unable to advise sequential access for transaction log version: 0. Error: ErrorCode=-1, errorMessage='Incorrect file descriptor.'
2024-08-30 14:59:57.938+0000 WARN  [o.n.k.i.t.l.f.c.CheckpointFileChannelNativeAccessor] [neo4j/9b130fe2] Unable to advise preserve data in cache for transaction log version: 0. Error: ErrorCode=-1, errorMessage='Incorrect file descriptor.'
2024-08-30 14:59:57.938+0000 WARN  [o.n.k.i.t.l.f.c.CheckpointFileChannelNativeAccessor] [neo4j/9b130fe2] Unable to evict transaction log from cache with version: 0. Error: ErrorCode=-1, errorMessage='Incorrect file descriptor.'
2024-08-30 14:59:57.939+0000 WARN  [o.n.k.i.t.l.f.LogFileChannelNativeAccessor] [neo4j/9b130fe2] Unable to advise sequential access for transaction log version: 0. Error: ErrorCode=-1, errorMessage='Incorrect file descriptor.'
2024-08-30 14:59:57.939+0000 WARN  [o.n.k.i.t.l.f.LogFileChannelNativeAccessor] [neo4j/9b130fe2] Unable to advise preserve data in cache for transaction log version: 0. Error: ErrorCode=-1, errorMessage='Incorrect file descriptor.'
2024-08-30 14:59:57.939+0000 WARN  [o.n.k.i.t.l.f.LogFileChannelNativeAccessor] [neo4j/9b130fe2] Unable to evict transaction log from cache with version: 0. Error: ErrorCode=-1, errorMessage='Incorrect file descriptor.'
2024-08-30 14:59:57.940+0000 WARN  [o.n.k.i.t.l.f.LogFileChannelNativeAccessor] [neo4j/9b130fe2] Unable to advise sequential access for transaction log version: 0. Error: ErrorCode=-1, errorMessage='Incorrect file descriptor.'
2024-08-30 14:59:57.940+0000 WARN  [o.n.k.i.t.l.f.LogFileChannelNativeAccessor] [neo4j/9b130fe2] Unable to advise preserve data in cache for transaction log version: 0. Error: ErrorCode=-1, errorMessage='Incorrect file descriptor.'
2024-08-30 14:59:57.940+0000 WARN  [o.n.k.i.t.l.f.LogFileChannelNativeAccessor] [neo4j/9b130fe2] Unable to evict transaction log from cache with version: 0. Error: ErrorCode=-1, errorMessage='Incorrect file descriptor.'
2024-08-30 14:59:57.940+0000 INFO  [o.n.k.i.a.i.IndexingService] [neo4j/9b130fe2] IndexingService.start: indexes not specifically mentioned above are ONLINE
2024-08-30 14:59:57.941+0000 INFO  [o.n.k.a.DatabaseAvailabilityGuard] [neo4j/9b130fe2] Fulfilling of requirement 'Database unavailable' makes database neo4j available.
2024-08-30 14:59:57.941+0000 INFO  [o.n.k.a.DatabaseAvailabilityGuard] [neo4j/9b130fe2] DatabaseId{9b130fe2[neo4j]} is ready.
2024-08-30 14:59:58.004+0000 INFO  [o.n.b.p.c.c.n.SocketNettyConnector] Bolt enabled on 0.0.0.0:7687.
2024-08-30 14:59:58.004+0000 INFO  [o.n.b.BoltServer] Bolt server started
2024-08-30 14:59:58.005+0000 INFO  [o.n.s.A.ServerComponentsLifecycleAdapter] Starting web server
2024-08-30 14:59:59.263+0000 INFO  [o.n.s.CommunityNeoWebServer] Remote interface available at http://localhost:7474/
2024-08-30 14:59:59.264+0000 INFO  [o.n.s.A.ServerComponentsLifecycleAdapter] Web server started.
2024-08-30 14:59:59.266+0000 INFO  [o.n.g.f.DatabaseManagementServiceFactory] id: FD9F2F89A02199A0A9EBB4A60B8A9F59E7FF344C4EF02E9931DA2D4D15F27FFA
2024-08-30 14:59:59.267+0000 INFO  [o.n.g.f.DatabaseManagementServiceFactory] name: system
2024-08-30 14:59:59.267+0000 INFO  [o.n.g.f.DatabaseManagementServiceFactory] creationDate: 2024-08-16T11:20:42.513Z
2024-08-30 15:45:13.140+0000 INFO  [o.n.g.f.DatabaseManagementServiceFactory] Shutdown started
2024-08-30 15:45:13.163+0000 INFO  [o.n.b.BoltServer] Requested Bolt server shutdown
2024-08-30 15:45:13.164+0000 INFO  [o.n.b.p.c.c.ConnectionRegistry] Stopping remaining idle connections for connector bolt
2024-08-30 15:45:13.164+0000 INFO  [o.n.b.p.c.c.ConnectionRegistry] Stopped 0 idling connections for connector bolt
2024-08-30 15:45:13.169+0000 INFO  [o.n.d.d.DatabaseLifecycles] Stopping 'DatabaseId{9b130fe2[neo4j]}'.
2024-08-30 15:45:13.169+0000 INFO  [o.n.k.a.DatabaseAvailabilityGuard] [neo4j/9b130fe2] Requirement `Database unavailable` makes database neo4j unavailable.
2024-08-30 15:45:13.169+0000 INFO  [o.n.k.a.DatabaseAvailabilityGuard] [neo4j/9b130fe2] DatabaseId{9b130fe2[neo4j]} is unavailable.
2024-08-30 15:45:13.171+0000 INFO  [o.n.k.d.Database] [neo4j/9b130fe2] Waiting for closing transactions.
2024-08-30 15:45:13.171+0000 INFO  [o.n.k.d.Database] [neo4j/9b130fe2] All transactions are closed.
2024-08-30 15:45:13.172+0000 INFO  [o.n.k.i.t.l.c.CheckPointerImpl] [neo4j/9b130fe2] Checkpoint triggered by "Database shutdown" @ txId: 3 checkpoint started...
2024-08-30 15:45:13.195+0000 INFO  [o.n.k.i.t.l.c.CheckPointerImpl] [neo4j/9b130fe2] Checkpoint triggered by "Database shutdown" @ txId: 3 checkpoint completed in 22ms. Checkpoint flushed 23 pages (0% of total available pages), in 23 IOs. Checkpoint performed with IO limit: unlimited, paused in total 0 times( 0 millis).
2024-08-30 15:45:13.198+0000 INFO  [o.n.k.i.t.l.p.LogPruningImpl] [neo4j/9b130fe2] No log version pruned. The strategy used was '2 days'. 
2024-08-30 15:45:13.206+0000 WARN  [o.n.k.i.t.l.f.c.CheckpointFileChannelNativeAccessor] [neo4j/9b130fe2] Unable to evict transaction log from cache with version: 0. Error: ErrorCode=-1, errorMessage='Incorrect file descriptor.'
2024-08-30 15:45:13.207+0000 WARN  [o.n.k.i.t.l.f.LogFileChannelNativeAccessor] [neo4j/9b130fe2] Unable to evict transaction log from cache with version: 0. Error: ErrorCode=-1, errorMessage='Incorrect file descriptor.'
2024-08-30 15:45:13.221+0000 INFO  [o.n.d.d.DatabaseLifecycles] Stopped 'DatabaseId{9b130fe2[neo4j]}' successfully.
2024-08-30 15:45:13.222+0000 INFO  [o.n.d.d.DatabaseLifecycles] Stopping 'DatabaseId{00000000[system]}'.
2024-08-30 15:45:13.222+0000 INFO  [o.n.k.a.DatabaseAvailabilityGuard] [system/00000000] Requirement `Database unavailable` makes database system unavailable.
2024-08-30 15:45:13.222+0000 INFO  [o.n.k.a.DatabaseAvailabilityGuard] [system/00000000] DatabaseId{00000000[system]} is unavailable.
2024-08-30 15:45:13.223+0000 INFO  [o.n.k.d.Database] [system/00000000] Waiting for closing transactions.
2024-08-30 15:45:13.224+0000 INFO  [o.n.k.d.Database] [system/00000000] All transactions are closed.
2024-08-30 15:45:13.224+0000 INFO  [o.n.k.i.t.l.c.CheckPointerImpl] [system/00000000] Checkpoint triggered by "Database shutdown" @ txId: 37 checkpoint started...
2024-08-30 15:45:13.245+0000 INFO  [o.n.k.i.t.l.c.CheckPointerImpl] [system/00000000] Checkpoint triggered by "Database shutdown" @ txId: 37 checkpoint completed in 20ms. Checkpoint flushed 27 pages (0% of total available pages), in 27 IOs. Checkpoint performed with IO limit: unlimited, paused in total 0 times( 0 millis).
2024-08-30 15:45:13.245+0000 INFO  [o.n.k.i.t.l.p.LogPruningImpl] [system/00000000] No log version pruned. The strategy used was '2 days'. 
2024-08-30 15:45:13.251+0000 WARN  [o.n.k.i.t.l.f.c.CheckpointFileChannelNativeAccessor] [system/00000000] Unable to evict transaction log from cache with version: 0. Error: ErrorCode=-1, errorMessage='Incorrect file descriptor.'
2024-08-30 15:45:13.251+0000 WARN  [o.n.k.i.t.l.f.LogFileChannelNativeAccessor] [system/00000000] Unable to evict transaction log from cache with version: 0. Error: ErrorCode=-1, errorMessage='Incorrect file descriptor.'
2024-08-30 15:45:13.265+0000 INFO  [o.n.d.d.DatabaseLifecycles] Stopped 'DatabaseId{00000000[system]}' successfully.
2024-08-30 15:45:13.267+0000 INFO  [o.n.b.BoltServer] Shutting down Bolt server
2024-08-30 15:45:13.267+0000 INFO  [o.n.b.p.c.c.ConnectionRegistry] Stopping 0 connections for connector bolt
2024-08-30 15:45:13.267+0000 INFO  [o.n.b.p.c.c.ConnectionRegistry] Stopped all remaining connections for connector bolt
2024-08-30 15:45:18.298+0000 INFO  [o.n.b.BoltServer] Bolt server has been shut down
2024-08-30 15:45:29.324+0000 WARN  [o.n.k.i.JvmChecker] The max heap memory has not been configured. It is recommended that it is always explicitly configured, to ensure the system has a balanced configuration. Until then, a JVM computed heuristic of 2069889024 bytes is used instead. If you are running neo4j server, you need to configure server.memory.heap.max_size in neo4j.conf. If you are running neo4j embedded, you have to launch the JVM with -Xmx set to a value. You can run neo4j-admin server memory-recommendation for memory configuration suggestions.
2024-08-30 15:45:29.324+0000 WARN  [o.n.k.i.JvmChecker] The initial heap memory has not been configured. It is recommended that it is always explicitly configured, to ensure the system has a balanced configuration. Until then, a JVM computed heuristic of 130023424 bytes is used instead. If you are running neo4j server, you need to configure server.memory.heap.initial_size in neo4j.conf. If you are running neo4j embedded, you have to launch the JVM with -Xms set to a value. You can run neo4j-admin server memory-recommendation for memory configuration suggestions.
2024-08-30 15:45:29.346+0000 WARN  [o.n.i.p.PageCache] Reflection access to java.nio.DirectByteBuffer is not available, using fallback mode. This could have negative impact on performance and memory usage. Consider adding --add-opens=java.base/java.nio=ALL-UNNAMED to VM options.
2024-08-30 15:45:29.506+0000 INFO  [o.n.i.d.DiagnosticsManager] 
                                                                ********************************************************************************
                                                                                             [ System diagnostics ]                             
                                                                ********************************************************************************
                                                                --------------------------------------------------------------------------------
                                                                                         [ System memory information ]                          
                                                                --------------------------------------------------------------------------------
                                                                Total Physical memory: 7.710GiB
                                                                Free Physical memory: 4.545GiB
                                                                Committed virtual memory: 5.416GiB
                                                                Total swap space: 2.000GiB
                                                                Free swap space: 2.000GiB
                                                                
                                                                --------------------------------------------------------------------------------
                                                                                           [ JVM memory information ]                           
                                                                --------------------------------------------------------------------------------
                                                                Free  memory: 61.87MiB
                                                                Total memory: 87.00MiB
                                                                Max   memory: 1.928GiB
                                                                Garbage Collector: G1 Young Generation: [G1 Eden Space, G1 Survivor Space, G1 Old Gen]
                                                                Garbage Collector: G1 Old Generation: [G1 Eden Space, G1 Survivor Space, G1 Old Gen]
                                                                Memory Pool: CodeHeap 'non-nmethods' (Non-heap memory): committed=2.438MiB, used=1.222MiB, max=5.570MiB, threshold=0B
                                                                Memory Pool: Metaspace (Non-heap memory): committed=21.44MiB, used=21.15MiB, max=-1B, threshold=0B
                                                                Memory Pool: CodeHeap 'profiled nmethods' (Non-heap memory): committed=4.188MiB, used=4.148MiB, max=117.2MiB, threshold=0B
                                                                Memory Pool: Compressed Class Space (Non-heap memory): committed=2.438MiB, used=2.276MiB, max=1.000GiB, threshold=0B
                                                                Memory Pool: G1 Eden Space (Heap memory): committed=63.00MiB, used=1.000MiB, max=-1B, threshold=?
                                                                Memory Pool: G1 Old Gen (Heap memory): committed=21.00MiB, used=20.13MiB, max=1.928GiB, threshold=0B
                                                                Memory Pool: G1 Survivor Space (Heap memory): committed=3.000MiB, used=3.000MiB, max=-1B, threshold=?
                                                                Memory Pool: CodeHeap 'non-profiled nmethods' (Non-heap memory): committed=2.438MiB, used=1.148MiB, max=117.2MiB, threshold=0B
                                                                
                                                                --------------------------------------------------------------------------------
                                                                                        [ Operating system information ]                        
                                                                --------------------------------------------------------------------------------
                                                                Operating System: Linux; version: 6.8.0-40-generic; arch: amd64; cpus: 8
                                                                Max number of file descriptors: 1048576
                                                                Number of open file descriptors: 194
                                                                Process id: 7
                                                                Byte order: LITTLE_ENDIAN
                                                                Local timezone: Etc/UTC
                                                                Memory page size: 4096
                                                                Unaligned memory access allowed: true
                                                                
                                                                --------------------------------------------------------------------------------
                                                                                              [ JVM information ]                               
                                                                --------------------------------------------------------------------------------
                                                                VM Name: OpenJDK 64-Bit Server VM
                                                                VM Vendor: Eclipse Adoptium
                                                                VM Version: 17.0.7+7
                                                                JIT compiler: HotSpot 64-Bit Tiered Compilers
                                                                VM Arguments: [-Dfile.encoding=UTF-8]
                                                                
                                                                --------------------------------------------------------------------------------
                                                                                               [ Java classpath ]                               
                                                                --------------------------------------------------------------------------------
                                                                 [classpath] /var/lib/neo4j/lib/neo4j-ast-5.9.0.jar
                                                                 [classpath] /var/lib/neo4j/lib/neo4j-procedure-5.9.0.jar
                                                                 [classpath] /var/lib/neo4j/lib/neo4j-security-5.9.0.jar
                                                                 [classpath] /var/lib/neo4j/lib/commons-math3-3.6.1.jar
                                                                 [classpath] /var/lib/neo4j/lib/neo4j-expressions-5.9.0.jar
                                                                 [classpath] /var/lib/neo4j/lib/zstd-jni-1.5.5-2.jar
                                                                 [classpath] /var/lib/neo4j/lib/neo4j-cypher-cache-5.9.0.jar
                                                                 [classpath] /var/lib/neo4j/lib/jPowerShell-3.0.jar
                                                                 [classpath] /var/lib/neo4j/lib/neo4j-ssl-5.9.0.jar
                                                                 [classpath] /var/lib/neo4j/lib/neo4j-server-5.9.0.jar
                                                                 [classpath] /var/lib/neo4j/lib/mercator_2.13-0.2.1.jar
                                                                 [classpath] /var/lib/neo4j/lib/jaxb-runtime-2.3.2.jar
                                                                 [classpath] /var/lib/neo4j/lib/reactive-streams-1.0.4.jar
                                                                 [classpath] /var/lib/neo4j/lib/neo4j-concurrent-5.9.0.jar
                                                                 [classpath] /var/lib/neo4j/lib/lucene-analysis-common-9.6.0.jar
                                                                 [classpath] /var/lib/neo4j/lib/jackson-module-jaxb-annotations-2.15.0.jar
                                                                 [classpath] /var/lib/neo4j/lib/neo4j-spatial-index-5.9.0.jar
                                                                 [classpath] /var/lib/neo4j/lib/lucene-queryparser-9.6.0.jar
                                                                 [classpath] /var/lib/neo4j/lib/jetty-server-9.4.51.v20230217.jar
                                                                 [classpath] /var/lib/neo4j/lib/javassist-3.25.0-GA.jar
                                                                 [classpath] /var/lib/neo4j/lib/netty-transport-native-unix-common-4.1.92.Final.jar
                                                                 [classpath] /var/lib/neo4j/lib/jersey-container-servlet-2.34.jar
                                                                 [classpath] /var/lib/neo4j/lib/neo4j-layout-5.9.0.jar
                                                                 [classpath] /var/lib/neo4j/lib/commons-configuration2-2.9.0.jar
                                                                 [classpath] /var/lib/neo4j/lib/netty-resolver-4.1.92.Final.jar
                                                                 [classpath] /var/lib/neo4j/lib/neo4j-procedure-api-5.9.0.jar
                                                                 [classpath] /var/lib/neo4j/lib/neo4j-configuration-5.9.0.jar
                                                                 [classpath] /var/lib/neo4j/lib/neo4j-graph-algo-5.9.0.jar
                                                                 [classpath] /var/lib/neo4j/conf/*
                                                                 [classpath] /var/lib/neo4j/lib/netty-transport-classes-kqueue-4.1.92.Final.jar
                                                                 [classpath] /var/lib/neo4j/lib/neo4j-codegen-5.9.0.jar
                                                                 [classpath] /var/lib/neo4j/lib/neo4j-dbms-5.9.0.jar
                                                                 [classpath] /var/lib/neo4j/lib/shiro-lang-1.11.0.jar
                                                                 [classpath] /var/lib/neo4j/lib/picocli-4.7.3.jar
                                                                 [classpath] /var/lib/neo4j/lib/neo4j-fabric-5.9.0.jar
                                                                 [classpath] /var/lib/neo4j/lib/WMI4Java-1.6.3.jar
                                                                 [classpath] /var/lib/neo4j/lib/neo4j-cypher-planner-spi-5.9.0.jar
                                                                 [classpath] /var/lib/neo4j/lib/jakarta.xml.bind-api-2.3.2.jar
                                                                 [classpath] /var/lib/neo4j/lib/neo4j-cypher-javacc-parser-5.9.0.jar
                                                                 [classpath] /var/lib/neo4j/lib/shiro-crypto-core-1.11.0.jar
                                                                 [classpath] /var/lib/neo4j/lib/jProcesses-1.6.5.jar
                                                                 [classpath] /var/lib/neo4j/lib/commons-collections-3.2.2.jar
                                                                 [classpath] /var/lib/neo4j/lib/hk2-locator-2.6.1.jar
                                                                 [classpath] /var/lib/neo4j/lib/neo4j-rewriting-5.9.0.jar
                                                                 [classpath] /var/lib/neo4j/lib/jersey-common-2.34.jar
                                                                 [classpath] /var/lib/neo4j/lib/neo4j-cypher-config-5.9.0.jar
                                                                 [classpath] /var/lib/neo4j/lib/netty-handler-4.1.92.Final.jar
                                                                 [classpath] /var/lib/neo4j/lib/neo4j-id-generator-5.9.0.jar
                                                                 [classpath] /var/lib/neo4j/lib/neo4j-cypher-runtime-util-5.9.0.jar
                                                                 [classpath] /var/lib/neo4j/lib/neo4j-wal-5.9.0.jar
                                                                 [classpath] /var/lib/neo4j/lib/netty-buffer-4.1.92.Final.jar
                                                                 [classpath] /var/lib/neo4j/lib/jetty-io-9.4.51.v20230217.jar
                                                                 [classpath] /var/lib/neo4j/lib/slf4j-nop-2.0.7.jar
                                                                 [classpath] /var/lib/neo4j/lib/caffeine-3.1.6.jar
                                                                 [classpath] /var/lib/neo4j/lib/neo4j-import-tool-5.9.0.jar
                                                                 [classpath] /var/lib/neo4j/lib/server-api-5.9.0.jar
                                                                 [classpath] /var/lib/neo4j/lib/eclipse-collections-api-11.1.0.jar
                                                                 [classpath] /var/lib/neo4j/lib/shiro-crypto-cipher-1.11.0.jar
                                                                 [classpath] /var/lib/neo4j/lib/jersey-container-servlet-core-2.34.jar
                                                                 [classpath] /var/lib/neo4j/lib/jackson-jaxrs-json-provider-2.15.0.jar
                                                                 [classpath] /var/lib/neo4j/lib/jackson-annotations-2.15.0.jar
                                                                 [classpath] /var/lib/neo4j/lib/jansi-2.4.0.jar
                                                                 [classpath] /var/lib/neo4j/lib/commons-text-1.10.0.jar
                                                                 [classpath] /var/lib/neo4j/lib/neo4j-storage-engine-util-5.9.0.jar
                                                                 [classpath] /var/lib/neo4j/lib/cypher-ast-factory-5.9.0.jar
                                                                 [classpath] /var/lib/neo4j/lib/neo4j-cypher-macros-5.9.0.jar
                                                                 [classpath] /var/lib/neo4j/lib/scala-reflect-2.13.10.jar
                                                                 [classpath] /var/lib/neo4j/lib/ipaddress-5.4.0.jar
                                                                 [classpath] /var/lib/neo4j/lib/jline-terminal-3.21.0.jar
                                                                 [classpath] /var/lib/neo4j/lib/jetty-security-9.4.51.v20230217.jar
                                                                 [classpath] /var/lib/neo4j/lib/neo4j-cypher-physical-planning-5.9.0.jar
                                                                 [classpath] /var/lib/neo4j/lib/jackson-core-2.15.0.jar
                                                                 [classpath] /var/lib/neo4j/lib/jetty-http-9.4.51.v20230217.jar
                                                                 [classpath] /var/lib/neo4j/lib/lz4-java-1.8.0.jar
                                                                 [classpath] /var/lib/neo4j/lib/cypher-literal-interpreter-5.9.0.jar
                                                                 [classpath] /var/lib/neo4j/lib/jetty-xml-9.4.51.v20230217.jar
                                                                 [classpath] /var/lib/neo4j/lib/netty-tcnative-classes-2.0.60.Final.jar
                                                                 [classpath] /var/lib/neo4j/lib/jackson-jaxrs-base-2.15.0.jar
                                                                 [classpath] /var/lib/neo4j/lib/jakarta.ws.rs-api-2.1.6.jar
                                                                 [classpath] /var/lib/neo4j/lib/neo4j-command-line-5.9.0.jar
                                                                 [classpath] /var/lib/neo4j/lib/jline-terminal-jansi-3.21.0.jar
                                                                 [classpath] /var/lib/neo4j/lib/hk2-api-2.6.1.jar
                                                                 [classpath] /var/lib/neo4j/lib/jetty-webapp-9.4.51.v20230217.jar
                                                                 [classpath] /var/lib/neo4j/lib/shiro-event-1.11.0.jar
                                                                 [classpath] /var/lib/neo4j/lib/neo4j-index-5.9.0.jar
                                                                 [classpath] /var/lib/neo4j/lib/neo4j-monitoring-5.9.0.jar
                                                                 [classpath] /var/lib/neo4j/lib/netty-common-4.1.92.Final.jar
                                                                 [classpath] /var/lib/neo4j/lib/commons-compress-1.23.0.jar
                                                                 [classpath] /var/lib/neo4j/lib/neo4j-cypher-logical-plans-5.9.0.jar
                                                                 [classpath] /var/lib/neo4j/lib/neo4j-lock-5.9.0.jar
                                                                 [classpath] /var/lib/neo4j/lib/jetty-util-9.4.51.v20230217.jar
                                                                 [classpath] /var/lib/neo4j/lib/istack-commons-runtime-3.0.8.jar
                                                                 [classpath] /var/lib/neo4j/lib/annotations-5.9.0.jar
                                                                 [classpath] /var/lib/neo4j/lib/neo4j-token-api-5.9.0.jar
                                                                 [classpath] /var/lib/neo4j/lib/neo4j-native-5.9.0.jar
                                                                 [classpath] /var/lib/neo4j/lib/eclipse-collections-11.1.0.jar
                                                                 [classpath] /var/lib/neo4j/lib/netty-transport-native-kqueue-4.1.92.Final-osx-x86_64.jar
                                                                 [classpath] /var/lib/neo4j/lib/neo4j-push-to-cloud-5.9.0.jar
                                                                 [classpath] /var/lib/neo4j/lib/commons-io-2.11.0.jar
                                                                 [classpath] /var/lib/neo4j/lib/neo4j-schema-5.9.0.jar
                                                                 [classpath] /var/lib/neo4j/lib/slf4j-api-2.0.7.jar
                                                                 [classpath] /var/lib/neo4j/lib/neo4j-lucene-index-5.9.0.jar
                                                                 [classpath] /var/lib/neo4j/lib/neo4j-fulltext-index-5.9.0.jar
                                                                 [classpath] /var/lib/neo4j/lib/neo4j-cypher-expression-evaluator-5.9.0.jar
                                                                 [classpath] /var/lib/neo4j/lib/neo4j-collections-5.9.0.jar
                                                                 [classpath] /var/lib/neo4j/lib/jakarta.activation-api-1.2.2.jar
                                                                 [classpath] /var/lib/neo4j/lib/neo4j-kernel-5.9.0.jar
                                                                 [classpath] /var/lib/neo4j/lib/jakarta.validation-api-2.0.2.jar
                                                                 [classpath] /var/lib/neo4j/lib/netty-codec-4.1.92.Final.jar
                                                                 [classpath] /var/lib/neo4j/lib/kiama_2.13-2.5.0.jar
                                                                 [classpath] /var/lib/neo4j/lib/magnolia_2.13-0.17.0.jar
                                                                 [classpath] /var/lib/neo4j/lib/netty-transport-4.1.92.Final.jar
                                                                 [classpath] /var/lib/neo4j/lib/jctools-core-4.0.1.jar
                                                                 [classpath] /var/lib/neo4j/lib/neo4j-unsafe-5.9.0.jar
                                                                 [classpath] /var/lib/neo4j/lib/neo4j-kernel-api-5.9.0.jar
                                                                 [classpath] /var/lib/neo4j/lib/neo4j-import-util-5.9.0.jar
                                                                 [classpath] /var/lib/neo4j/lib/jettison-1.5.4.jar
                                                                 [classpath] /var/lib/neo4j/lib/shiro-config-core-1.11.0.jar
                                                                 [classpath] /var/lib/neo4j/lib/jakarta.inject-2.6.1.jar
                                                                 [classpath] /var/lib/neo4j/lib/hk2-utils-2.6.1.jar
                                                                 [classpath] /var/lib/neo4j/lib/lucene-backward-codecs-9.6.0.jar
                                                                 [classpath] /var/lib/neo4j/lib/stax-ex-1.8.1.jar
                                                                 [classpath] /var/lib/neo4j/lib/neo4j-resource-5.9.0.jar
                                                                 [classpath] /var/lib/neo4j/lib/txw2-2.3.2.jar
                                                                 [classpath] /var/lib/neo4j/lib/shiro-crypto-hash-1.11.0.jar
                                                                 [classpath] /var/lib/neo4j/lib/neo4j-cypher-5.9.0.jar
                                                                 [classpath] /var/lib/neo4j/lib/neo4j-record-storage-engine-5.9.0.jar
                                                                 [classpath] /var/lib/neo4j/lib/neo4j-io-5.9.0.jar
                                                                 [classpath] /var/lib/neo4j/lib/neo4j-front-end-5.9.0.jar
                                                                 [classpath] /var/lib/neo4j/lib/neo4j-cypher-dsl-2023.3.0.jar
                                                                 [classpath] /var/lib/neo4j/lib/neo4j-diagnostics-5.9.0.jar
                                                                 [classpath] /var/lib/neo4j/lib/cypher-shell-5.9.0.jar
                                                                 [classpath] /var/lib/neo4j/lib/log4j-api-2.20.0.jar
                                                                 [classpath] /var/lib/neo4j/lib/jline-reader-3.21.0.jar
                                                                 [classpath] /var/lib/neo4j/lib/neo4j-5.9.0.jar
                                                                 [classpath] /var/lib/neo4j/lib/FastInfoset-1.2.16.jar
                                                                 [classpath] /var/lib/neo4j/lib/argparse4j-0.9.0.jar
                                                                 [classpath] /var/lib/neo4j/lib/log4j-core-2.20.0.jar
                                                                 [classpath] /var/lib/neo4j/lib/neo4j-bootcheck-5.9.0.jar
                                                                 [classpath] /var/lib/neo4j/lib/commons-logging-1.2.jar
                                                                 [classpath] /var/lib/neo4j/lib/zstd-proxy-5.9.0.jar
                                                                 [classpath] /var/lib/neo4j/lib/jna-5.13.0.jar
                                                                 [classpath] /var/lib/neo4j/lib/neo4j-values-5.9.0.jar
                                                                 [classpath] /var/lib/neo4j/lib/scala-library-2.13.10.jar
                                                                 [classpath] /var/lib/neo4j/lib/neo4j-common-5.9.0.jar
                                                                 [classpath] /var/lib/neo4j/lib/netty-transport-native-epoll-4.1.92.Final-linux-x86_64.jar
                                                                 [classpath] /var/lib/neo4j/lib/neo4j-java-driver-5.8.0.jar
                                                                 [classpath] /var/lib/neo4j/lib/netty-transport-native-epoll-4.1.92.Final-linux-aarch_64.jar
                                                                 [classpath] /var/lib/neo4j/lib/neo4j-exceptions-5.9.0.jar
                                                                 [classpath] /var/lib/neo4j/lib/neo4j-data-collector-5.9.0.jar
                                                                 [classpath] /var/lib/neo4j/lib/neo4j-bolt-5.9.0.jar
                                                                 [classpath] /var/lib/neo4j/lib/neo4j-logging-5.9.0.jar
                                                                 [classpath] /var/lib/neo4j/lib/shiro-cache-1.11.0.jar
                                                                 [classpath] /var/lib/neo4j/lib/neo4j-query-router-5.9.0.jar
                                                                 [classpath] /var/lib/neo4j/lib/neo4j-cypher-slotted-runtime-5.9.0.jar
                                                                 [classpath] /var/lib/neo4j/lib/netty-transport-native-kqueue-4.1.92.Final-osx-aarch_64.jar
                                                                 [classpath] /var/lib/neo4j/lib/jackson-databind-2.15.0.jar
                                                                 [classpath] /var/lib/neo4j/lib/neo4j-browser-5.9.0.jar
                                                                 [classpath] /var/lib/neo4j/lib/netty-codec-http-4.1.92.Final.jar
                                                                 [classpath] /var/lib/neo4j/lib/jakarta.annotation-api-1.3.5.jar
                                                                 [classpath] /var/lib/neo4j/lib/jetty-servlet-9.4.51.v20230217.jar
                                                                 [classpath] /var/lib/neo4j/lib/reactor-core-3.5.5.jar
                                                                 [classpath] /var/lib/neo4j/lib/neo4j-graphdb-api-5.9.0.jar
                                                                 [classpath] /var/lib/neo4j/lib/neo4j-cypher-ir-5.9.0.jar
                                                                 [classpath] /var/lib/neo4j/lib/lucene-core-9.6.0.jar
                                                                 [classpath] /var/lib/neo4j/lib/neo4j-consistency-check-5.9.0.jar
                                                                 [classpath] /var/lib/neo4j/lib/neo4j-util-5.9.0.jar
                                                                 [classpath] /var/lib/neo4j/lib/commons-lang3-3.12.0.jar
                                                                 [classpath] /var/lib/neo4j/lib/neo4j-capabilities-5.9.0.jar
                                                                 [classpath] /var/lib/neo4j/lib/neo4j-cypher-ast-factory-5.9.0.jar
                                                                 [classpath] /var/lib/neo4j/lib/neo4j-cypher-interpreted-runtime-5.9.0.jar
                                                                 [classpath] /var/lib/neo4j/lib/neo4j-cypher-planner-5.9.0.jar
                                                                 [classpath] /var/lib/neo4j/lib/netty-transport-classes-epoll-4.1.92.Final.jar
                                                                 [classpath] /var/lib/neo4j/lib/javax.servlet-api-3.1.0.jar
                                                                 [classpath] /var/lib/neo4j/lib/log4j-layout-template-json-2.20.0.jar
                                                                 [classpath] /var/lib/neo4j/lib/jersey-server-2.34.jar
                                                                 [classpath] /var/lib/neo4j/lib/commons-beanutils-1.9.4.jar
                                                                 [classpath] /var/lib/neo4j/lib/shiro-core-1.11.0.jar
                                                                 [classpath] /var/lib/neo4j/lib/shiro-config-ogdl-1.11.0.jar
                                                                 [classpath] /var/lib/neo4j/lib/neo4j-csv-5.9.0.jar
                                                                 [classpath] /var/lib/neo4j/lib/scala-collection-contrib_2.13-0.3.0.jar
                                                                 [classpath] /var/lib/neo4j/lib/jersey-client-2.34.jar
                                                                 [classpath] /var/lib/neo4j/lib/jersey-hk2-2.34.jar
                                                                
                                                                --------------------------------------------------------------------------------
                                                                                                [ Library path ]                                
                                                                --------------------------------------------------------------------------------
                                                                /usr/java/packages/lib
                                                                /usr/lib64
                                                                /lib64
                                                                /lib
                                                                /usr/lib
                                                                
                                                                --------------------------------------------------------------------------------
                                                                                             [ System properties ]                              
                                                                --------------------------------------------------------------------------------
                                                                sun.jnu.encoding = ANSI_X3.4-1968
                                                                sun.arch.data.model = 64
                                                                user.timezone = Etc/UTC
                                                                sun.java.launcher = SUN_STANDARD
                                                                user.country = US
                                                                sun.boot.library.path = /opt/java/openjdk/lib
                                                                sun.java.command = org.neo4j.server.CommunityEntryPoint --home-dir=/var/lib/neo4j --config-dir=/var/lib/neo4j/conf --console-mode
                                                                jdk.debug = release
                                                                sun.cpu.endian = little
                                                                user.home = /var/lib/neo4j
                                                                user.language = en
                                                                file.separator = /
                                                                sun.management.compiler = HotSpot 64-Bit Tiered Compilers
                                                                user.name = neo4j
                                                                path.separator = :
                                                                file.encoding = UTF-8
                                                                jnidispatch.path = /var/lib/neo4j/.cache/JNA/temp/jna7069399268985151917.tmp
                                                                jna.loaded = true
                                                                user.dir = /var/lib/neo4j
                                                                native.encoding = ANSI_X3.4-1968
                                                                sun.io.unicode.encoding = UnicodeLittle
                                                                
                                                                --------------------------------------------------------------------------------
                                                                                      [ (IANA) TimeZone database version ]                      
                                                                --------------------------------------------------------------------------------
                                                                  TimeZone version: 2022g (available for 603 zone identifiers)
                                                                
                                                                --------------------------------------------------------------------------------
                                                                                            [ Network information ]                             
                                                                --------------------------------------------------------------------------------
                                                                Interface eth0:
                                                                    address: 172.18.0.2
                                                                Interface lo:
                                                                    address: 0:0:0:0:0:0:0:1%lo
                                                                    address: 127.0.0.1
                                                                
                                                                --------------------------------------------------------------------------------
                                                                                         [ Native access information ]                          
                                                                --------------------------------------------------------------------------------
                                                                Native access details: Linux native access is available.
                                                                
                                                                --------------------------------------------------------------------------------
                                                                                                [ DBMS config ]                                 
                                                                --------------------------------------------------------------------------------
                                                                DBMS provided settings:
                                                                server.default_listen_address=0.0.0.0
                                                                server.directories.logs=/logs
                                                                server.directories.neo4j_home=/var/lib/neo4j
                                                                server.directories.plugins=/plugins
                                                                server.memory.pagecache.size=512.00MiB
                                                                Directories in use:
                                                                server.directories.data=/var/lib/neo4j/data
                                                                server.directories.dumps.root=/var/lib/neo4j/data/dumps
                                                                server.directories.import=/var/lib/neo4j
                                                                server.directories.lib=/var/lib/neo4j/lib
                                                                server.directories.licenses=/var/lib/neo4j/licenses
                                                                server.directories.logs=/logs
                                                                server.directories.neo4j_home=/var/lib/neo4j
                                                                server.directories.plugins=/plugins
                                                                server.directories.run=/var/lib/neo4j/run
                                                                server.directories.script.root=/var/lib/neo4j/data/scripts
                                                                server.directories.transaction.logs.root=/var/lib/neo4j/data/transactions
                                                                
                                                                --------------------------------------------------------------------------------
                                                                                                 [ Packaging ]                                  
                                                                --------------------------------------------------------------------------------
                                                                Edition: Community
                                                                Package Type: tar
                                                                
2024-08-30 15:45:29.531+0000 INFO  [o.n.d.i.DefaultIdentityModule] Found ServerId on disk: ServerId{c9534e0c} (c9534e0c-ef6a-45a2-b3dd-96175cbccc3a)
2024-08-30 15:45:29.532+0000 INFO  [o.n.d.i.DefaultIdentityModule] This instance is ServerId{c9534e0c} (c9534e0c-ef6a-45a2-b3dd-96175cbccc3a)
2024-08-30 15:45:30.195+0000 INFO  [o.n.s.CommunityNeoWebServer] ======== Neo4j 5.9.0 ========
2024-08-30 15:45:30.207+0000 INFO  [o.n.d.d.DatabaseLifecycles] Creating 'DatabaseId{00000000[system]}'.
2024-08-30 15:45:30.297+0000 INFO  [o.n.b.BoltServer] Using connector transport epoll
2024-08-30 15:45:30.347+0000 INFO  [o.n.b.BoltServer] Configured external Bolt connector with listener address /0.0.0.0:7687
2024-08-30 15:45:30.348+0000 INFO  [o.n.b.BoltServer] Bolt server loaded
2024-08-30 15:45:30.369+0000 INFO  [o.n.d.d.DatabaseLifecycles] Starting 'DatabaseId{00000000[system]}'.
2024-08-30 15:45:30.561+0000 WARN  [o.n.k.i.t.l.f.c.CheckpointFileChannelNativeAccessor] [system/00000000] Unable to advise sequential access for transaction log version: 0. Error: ErrorCode=-1, errorMessage='Incorrect file descriptor.'
2024-08-30 15:45:30.561+0000 WARN  [o.n.k.i.t.l.f.c.CheckpointFileChannelNativeAccessor] [system/00000000] Unable to advise preserve data in cache for transaction log version: 0. Error: ErrorCode=-1, errorMessage='Incorrect file descriptor.'
2024-08-30 15:45:30.565+0000 INFO  [o.n.k.i.t.l.f.c.CheckpointLogFile] [system/00000000] Scanning log file with version 0 for checkpoint entries
2024-08-30 15:45:30.578+0000 WARN  [o.n.k.i.t.l.f.c.CheckpointFileChannelNativeAccessor] [system/00000000] Unable to evict transaction log from cache with version: 0. Error: ErrorCode=-1, errorMessage='Incorrect file descriptor.'
2024-08-30 15:45:30.579+0000 WARN  [o.n.k.i.t.l.f.c.CheckpointFileChannelNativeAccessor] [system/00000000] Unable to advise sequential access for transaction log version: 0. Error: ErrorCode=-1, errorMessage='Incorrect file descriptor.'
2024-08-30 15:45:30.579+0000 WARN  [o.n.k.i.t.l.f.c.CheckpointFileChannelNativeAccessor] [system/00000000] Unable to advise preserve data in cache for transaction log version: 0. Error: ErrorCode=-1, errorMessage='Incorrect file descriptor.'
2024-08-30 15:45:30.580+0000 WARN  [o.n.k.i.t.l.f.c.CheckpointFileChannelNativeAccessor] [system/00000000] Unable to evict transaction log from cache with version: 0. Error: ErrorCode=-1, errorMessage='Incorrect file descriptor.'
2024-08-30 15:45:30.582+0000 WARN  [o.n.k.i.t.l.f.LogFileChannelNativeAccessor] [system/00000000] Unable to advise sequential access for transaction log version: 0. Error: ErrorCode=-1, errorMessage='Incorrect file descriptor.'
2024-08-30 15:45:30.583+0000 WARN  [o.n.k.i.t.l.f.LogFileChannelNativeAccessor] [system/00000000] Unable to advise preserve data in cache for transaction log version: 0. Error: ErrorCode=-1, errorMessage='Incorrect file descriptor.'
2024-08-30 15:45:30.583+0000 WARN  [o.n.k.i.t.l.f.LogFileChannelNativeAccessor] [system/00000000] Unable to evict transaction log from cache with version: 0. Error: ErrorCode=-1, errorMessage='Incorrect file descriptor.'
2024-08-30 15:45:30.583+0000 WARN  [o.n.k.i.t.l.f.LogFileChannelNativeAccessor] [system/00000000] Unable to advise sequential access for transaction log version: 0. Error: ErrorCode=-1, errorMessage='Incorrect file descriptor.'
2024-08-30 15:45:30.583+0000 WARN  [o.n.k.i.t.l.f.LogFileChannelNativeAccessor] [system/00000000] Unable to advise preserve data in cache for transaction log version: 0. Error: ErrorCode=-1, errorMessage='Incorrect file descriptor.'
2024-08-30 15:45:30.584+0000 WARN  [o.n.k.i.t.l.f.LogFileChannelNativeAccessor] [system/00000000] Unable to evict transaction log from cache with version: 0. Error: ErrorCode=-1, errorMessage='Incorrect file descriptor.'
2024-08-30 15:45:30.608+0000 INFO  [o.n.k.i.s.f.RecordFormatSelector] [system/00000000] Selected RecordFormat:PageAlignedV5_0[aligned-1.1] record format from store /data/databases/system
2024-08-30 15:45:30.609+0000 INFO  [o.n.k.i.s.f.RecordFormatSelector] [system/00000000] Selected format from the store files: RecordFormat:PageAlignedV5_0[aligned-1.1]
2024-08-30 15:45:30.966+0000 WARN  [o.n.k.i.t.l.f.c.CheckpointFileChannelNativeAccessor] [system/00000000] Unable to advise sequential access for transaction log version: 0. Error: ErrorCode=-1, errorMessage='Incorrect file descriptor.'
2024-08-30 15:45:30.966+0000 WARN  [o.n.k.i.t.l.f.c.CheckpointFileChannelNativeAccessor] [system/00000000] Unable to advise preserve data in cache for transaction log version: 0. Error: ErrorCode=-1, errorMessage='Incorrect file descriptor.'
2024-08-30 15:45:30.966+0000 WARN  [o.n.k.i.t.l.f.c.CheckpointFileChannelNativeAccessor] [system/00000000] Unable to evict transaction log from cache with version: 0. Error: ErrorCode=-1, errorMessage='Incorrect file descriptor.'
2024-08-30 15:45:30.982+0000 INFO  [o.n.i.d.DiagnosticsManager] [system/00000000] 
                                                                [system/00000000] ********************************************************************************
                                                                [system/00000000]                               [ Database: system ]                              
                                                                [system/00000000] ********************************************************************************
                                                                [system/00000000] --------------------------------------------------------------------------------
                                                                [system/00000000]                                   [ Version ]                                   
                                                                [system/00000000] --------------------------------------------------------------------------------
                                                                [system/00000000] DBMS: community record-aligned-1.1
                                                                [system/00000000] Kernel version: 5.9.0
                                                                [system/00000000] 
                                                                [system/00000000] --------------------------------------------------------------------------------
                                                                [system/00000000]                                 [ Store files ]                                 
                                                                [system/00000000] --------------------------------------------------------------------------------
                                                                [system/00000000] Disk space on partition (Total / Free / Free %): 526762934272 / 514283761664 / 97
                                                                [system/00000000] Storage files stored on file store: ext4
                                                                [system/00000000] Storage files: (filename : modification date - size)
                                                                [system/00000000]   database_lock: 2024-08-16 11:20:42.677+0000 - 0B
                                                                [system/00000000]   neostore: 2024-08-16 11:20:42.514+0000 - 8.000KiB
                                                                [system/00000000]   neostore.counts.db: 2024-08-30 15:45:30.853+0000 - 40.00KiB
                                                                [system/00000000]   neostore.indexstats.db: 2024-08-30 15:45:30.873+0000 - 48.00KiB
                                                                [system/00000000]   neostore.labeltokenstore.db: 2024-08-16 11:28:10.613+0000 - 8.000KiB
                                                                [system/00000000]   neostore.labeltokenstore.db.id: 2024-08-30 15:45:30.827+0000 - 40.00KiB
                                                                [system/00000000]   neostore.labeltokenstore.db.names: 2024-08-16 11:28:10.617+0000 - 8.000KiB
                                                                [system/00000000]   neostore.labeltokenstore.db.names.id: 2024-08-30 15:45:30.825+0000 - 40.00KiB
                                                                [system/00000000]   neostore.nodestore.db: 2024-08-16 11:28:10.614+0000 - 8.000KiB
                                                                [system/00000000]   neostore.nodestore.db.id: 2024-08-30 15:45:30.787+0000 - 40.00KiB
                                                                [system/00000000]   neostore.nodestore.db.labels: 2024-08-16 11:20:42.436+0000 - 8.000KiB
                                                                [system/00000000]   neostore.nodestore.db.labels.id: 2024-08-30 15:45:30.780+0000 - 40.00KiB
                                                                [system/00000000]   neostore.propertystore.db: 2024-08-16 11:28:10.616+0000 - 8.000KiB
                                                                [system/00000000]   neostore.propertystore.db.arrays: 2024-08-16 11:20:42.476+0000 - 8.000KiB
                                                                [system/00000000]   neostore.propertystore.db.arrays.id: 2024-08-30 15:45:30.805+0000 - 40.00KiB
                                                                [system/00000000]   neostore.propertystore.db.id: 2024-08-30 15:45:30.811+0000 - 40.00KiB
                                                                [system/00000000]   neostore.propertystore.db.index: 2024-08-16 11:28:10.608+0000 - 8.000KiB
                                                                [system/00000000]   neostore.propertystore.db.index.id: 2024-08-30 15:45:30.794+0000 - 40.00KiB
                                                                [system/00000000]   neostore.propertystore.db.index.keys: 2024-08-16 11:28:10.615+0000 - 8.000KiB
                                                                [system/00000000]   neostore.propertystore.db.index.keys.id: 2024-08-30 15:45:30.791+0000 - 40.00KiB
                                                                [system/00000000]   neostore.propertystore.db.strings: 2024-08-16 11:28:10.610+0000 - 8.000KiB
                                                                [system/00000000]   neostore.propertystore.db.strings.id: 2024-08-30 15:45:30.803+0000 - 40.00KiB
                                                                [system/00000000]   neostore.relationshipgroupstore.db: 2024-08-16 11:20:42.503+0000 - 8.000KiB
                                                                [system/00000000]   neostore.relationshipgroupstore.db.id: 2024-08-30 15:45:30.833+0000 - 40.00KiB
                                                                [system/00000000]   neostore.relationshipgroupstore.degrees.db: 2024-08-30 15:45:30.866+0000 - 40.00KiB
                                                                [system/00000000]   neostore.relationshipstore.db: 2024-08-16 11:28:10.607+0000 - 8.000KiB
                                                                [system/00000000]   neostore.relationshipstore.db.id: 2024-08-30 15:45:30.815+0000 - 40.00KiB
                                                                [system/00000000]   neostore.relationshiptypestore.db: 2024-08-16 11:28:10.611+0000 - 8.000KiB
                                                                [system/00000000]   neostore.relationshiptypestore.db.id: 2024-08-30 15:45:30.822+0000 - 40.00KiB
                                                                [system/00000000]   neostore.relationshiptypestore.db.names: 2024-08-16 11:28:10.610+0000 - 8.000KiB
                                                                [system/00000000]   neostore.relationshiptypestore.db.names.id: 2024-08-30 15:45:30.817+0000 - 40.00KiB
                                                                [system/00000000]   neostore.schemastore.db: 2024-08-16 11:28:10.613+0000 - 8.000KiB
                                                                [system/00000000]   neostore.schemastore.db.id: 2024-08-30 15:45:30.830+0000 - 40.00KiB
                                                                [system/00000000]   schema:
                                                                [system/00000000]     index:
                                                                [system/00000000]       range-1.0:
                                                                [system/00000000]         3:
                                                                [system/00000000]           index-3: 2024-08-30 15:45:13.247+0000 - 48.00KiB
                                                                [system/00000000]         - Total: 2024-08-16 11:20:43.212+0000 - 48.00KiB
                                                                [system/00000000]         4:
                                                                [system/00000000]           index-4: 2024-08-30 15:45:13.248+0000 - 48.00KiB
                                                                [system/00000000]         - Total: 2024-08-16 11:20:43.254+0000 - 48.00KiB
                                                                [system/00000000]         7:
                                                                [system/00000000]           index-7: 2024-08-30 15:45:13.248+0000 - 48.00KiB
                                                                [system/00000000]         - Total: 2024-08-16 11:20:43.529+0000 - 48.00KiB
                                                                [system/00000000]         8:
                                                                [system/00000000]           index-8: 2024-08-30 15:45:13.249+0000 - 48.00KiB
                                                                [system/00000000]         - Total: 2024-08-16 11:20:43.571+0000 - 48.00KiB
                                                                [system/00000000]       - Total: 2024-08-16 11:20:43.571+0000 - 192.0KiB
                                                                [system/00000000]       token-lookup-1.0:
                                                                [system/00000000]         1:
                                                                [system/00000000]           index-1: 2024-08-30 15:45:13.246+0000 - 48.00KiB
                                                                [system/00000000]         - Total: 2024-08-16 11:20:43.051+0000 - 48.00KiB
                                                                [system/00000000]         2:
                                                                [system/00000000]           index-2: 2024-08-30 15:45:13.246+0000 - 48.00KiB
                                                                [system/00000000]         - Total: 2024-08-16 11:20:43.101+0000 - 48.00KiB
                                                                [system/00000000]       - Total: 2024-08-16 11:20:43.100+0000 - 96.00KiB
                                                                [system/00000000]     - Total: 2024-08-16 11:20:43.211+0000 - 288.0KiB
                                                                [system/00000000]   - Total: 2024-08-16 11:20:43.048+0000 - 288.0KiB
                                                                [system/00000000] Storage summary: 
                                                                [system/00000000]   Total size of store: 1.070MiB
                                                                [system/00000000]   Total size of mapped files: 408.0KiB
                                                                [system/00000000] 
                                                                [system/00000000] --------------------------------------------------------------------------------
                                                                [system/00000000]                               [ Transaction log ]                               
                                                                [system/00000000] --------------------------------------------------------------------------------
                                                                [system/00000000] Transaction log files stored on file store: ext4
                                                                [system/00000000] Transaction log metadata:
                                                                [system/00000000]  - current kernel version used in transactions: V5_9
                                                                [system/00000000]  - last committed transaction id: 37
                                                                [system/00000000] Transaction log files:
                                                                [system/00000000]  - existing transaction log versions: 0-0
                                                                [system/00000000]  - oldest transaction 2 found in log with version 0
                                                                [system/00000000]  - files: (filename : creation date - size)
                                                                [system/00000000]      neostore.transaction.db.0: 2024-08-16 11:20:43.628+0000 - 21.03KiB
                                                                [system/00000000]  - total size of files: 21.03KiB
                                                                [system/00000000] Checkpoint log files:
                                                                [system/00000000]  - existing checkpoint log versions: 0-0
                                                                [system/00000000]  - last checkpoint: CheckpointInfo[transactionLogPosition=LogPosition{logVersion=0, byteOffset=21535}, storeId=StoreId{creationTime=1723807242513, random=8528745655144095747, storageEngineName='record', formatName='aligned', majorVersion=1, minorVersion=1}, checkpointEntryPosition=LogPosition{logVersion=0, byteOffset=592}, channelPositionAfterCheckpoint=LogPosition{logVersion=0, byteOffset=824}, checkpointFilePostReadPosition=LogPosition{logVersion=0, byteOffset=824}, kernelVersion=KernelVersion{V5_9,version=8}, transactionId=TransactionId[transactionId=37, checksum=-1908335854, commitTimestamp=1723807243629, consensusIndex=-1], reason=Checkpoint triggered by "Database shutdown" @ txId: 37]
                                                                [system/00000000] 
                                                                [system/00000000] --------------------------------------------------------------------------------
                                                                [system/00000000]                                   [ Id usage ]                                  
                                                                [system/00000000] --------------------------------------------------------------------------------
                                                                [system/00000000] ArrayPropertyStore[neostore.nodestore.db.labels]: used=1 high=0
                                                                [system/00000000] NodeStore[neostore.nodestore.db]: used=6 high=5
                                                                [system/00000000] StringPropertyStore[neostore.propertystore.db.index.keys]: used=44 high=43
                                                                [system/00000000] PropertyIndexStore[neostore.propertystore.db.index]: used=31 high=30
                                                                [system/00000000] StringPropertyStore[neostore.propertystore.db.strings]: used=3 high=2
                                                                [system/00000000] ArrayPropertyStore[neostore.propertystore.db.arrays]: used=1 high=0
                                                                [system/00000000] PropertyStore[neostore.propertystore.db]: used=59 high=58
                                                                [system/00000000] RelationshipStore[neostore.relationshipstore.db]: used=2 high=1
                                                                [system/00000000] StringPropertyStore[neostore.relationshiptypestore.db.names]: used=2 high=1
                                                                [system/00000000] RelationshipTypeStore[neostore.relationshiptypestore.db]: used=1 high=0
                                                                [system/00000000] StringPropertyStore[neostore.labeltokenstore.db.names]: used=5 high=4
                                                                [system/00000000] LabelTokenStore[neostore.labeltokenstore.db]: used=4 high=3
                                                                [system/00000000] SchemaStore[neostore.schemastore.db]: used=11 high=10
                                                                [system/00000000] RelationshipGroupStore[neostore.relationshipgroupstore.db]: used=1 high=0
                                                                [system/00000000] NeoStore[neostore]: used=-1 high=-1
                                                                [system/00000000] 
                                                                [system/00000000] --------------------------------------------------------------------------------
                                                                [system/00000000]                                   [ Metadata ]                                  
                                                                [system/00000000] --------------------------------------------------------------------------------
                                                                [system/00000000] EXTERNAL_STORE_UUID (Database identifier exposed as external store identity. Generated on creation and never updated): 23e8f11d-cde9-468a-8264-e3473a055845
                                                                [system/00000000] DATABASE_ID (The last used DatabaseId for this database): null
                                                                [system/00000000] LEGACY_STORE_VERSION (Legacy store format version. This field is used from 5.0 onwards only to distinguish non-migrated pre 5.0 metadata stores.): -3523014627327384477
                                                                [system/00000000] STORE_ID (Store ID): StoreId{creationTime=1723807242513, random=8528745655144095747, storageEngineName='record', formatName='aligned', majorVersion=1, minorVersion=1}
                                                                [system/00000000] 
2024-08-30 15:45:31.094+0000 INFO  [o.n.k.i.a.i.IndexingService] [system/00000000] IndexingService.init: indexes not specifically mentioned above are ONLINE
2024-08-30 15:45:31.098+0000 INFO  [o.n.k.a.DatabaseAvailabilityGuard] [system/00000000] Requirement `Database unavailable` makes database system unavailable.
2024-08-30 15:45:31.098+0000 INFO  [o.n.k.a.DatabaseAvailabilityGuard] [system/00000000] DatabaseId{00000000[system]} is unavailable.
2024-08-30 15:45:31.110+0000 WARN  [o.n.k.i.t.l.f.LogFileChannelNativeAccessor] [system/00000000] Unable to advise sequential access for transaction log version: 0. Error: ErrorCode=-1, errorMessage='Incorrect file descriptor.'
2024-08-30 15:45:31.110+0000 WARN  [o.n.k.i.t.l.f.LogFileChannelNativeAccessor] [system/00000000] Unable to advise preserve data in cache for transaction log version: 0. Error: ErrorCode=-1, errorMessage='Incorrect file descriptor.'
2024-08-30 15:45:31.110+0000 INFO  [o.n.k.d.Database] [system/00000000] Starting transaction log [/data/transactions/system/neostore.transaction.db.0] at version=0
2024-08-30 15:45:31.114+0000 WARN  [o.n.k.i.t.l.f.c.CheckpointFileChannelNativeAccessor] [system/00000000] Unable to advise sequential access for transaction log version: 0. Error: ErrorCode=-1, errorMessage='Incorrect file descriptor.'
2024-08-30 15:45:31.114+0000 WARN  [o.n.k.i.t.l.f.c.CheckpointFileChannelNativeAccessor] [system/00000000] Unable to advise preserve data in cache for transaction log version: 0. Error: ErrorCode=-1, errorMessage='Incorrect file descriptor.'
2024-08-30 15:45:31.114+0000 INFO  [o.n.k.d.Database] [system/00000000] Starting transaction log [/data/transactions/system/checkpoint.0] at version=0
2024-08-30 15:45:31.115+0000 WARN  [o.n.k.i.t.l.f.c.CheckpointFileChannelNativeAccessor] [system/00000000] Unable to advise sequential access for transaction log version: 0. Error: ErrorCode=-1, errorMessage='Incorrect file descriptor.'
2024-08-30 15:45:31.115+0000 WARN  [o.n.k.i.t.l.f.c.CheckpointFileChannelNativeAccessor] [system/00000000] Unable to advise preserve data in cache for transaction log version: 0. Error: ErrorCode=-1, errorMessage='Incorrect file descriptor.'
2024-08-30 15:45:31.115+0000 INFO  [o.n.k.i.t.l.f.c.CheckpointLogFile] [system/00000000] Scanning log file with version 0 for checkpoint entries
2024-08-30 15:45:31.115+0000 WARN  [o.n.k.i.t.l.f.c.CheckpointFileChannelNativeAccessor] [system/00000000] Unable to evict transaction log from cache with version: 0. Error: ErrorCode=-1, errorMessage='Incorrect file descriptor.'
2024-08-30 15:45:31.116+0000 WARN  [o.n.k.i.t.l.f.c.CheckpointFileChannelNativeAccessor] [system/00000000] Unable to advise sequential access for transaction log version: 0. Error: ErrorCode=-1, errorMessage='Incorrect file descriptor.'
2024-08-30 15:45:31.116+0000 WARN  [o.n.k.i.t.l.f.c.CheckpointFileChannelNativeAccessor] [system/00000000] Unable to advise preserve data in cache for transaction log version: 0. Error: ErrorCode=-1, errorMessage='Incorrect file descriptor.'
2024-08-30 15:45:31.116+0000 WARN  [o.n.k.i.t.l.f.c.CheckpointFileChannelNativeAccessor] [system/00000000] Unable to evict transaction log from cache with version: 0. Error: ErrorCode=-1, errorMessage='Incorrect file descriptor.'
2024-08-30 15:45:31.116+0000 WARN  [o.n.k.i.t.l.f.LogFileChannelNativeAccessor] [system/00000000] Unable to advise sequential access for transaction log version: 0. Error: ErrorCode=-1, errorMessage='Incorrect file descriptor.'
2024-08-30 15:45:31.116+0000 WARN  [o.n.k.i.t.l.f.LogFileChannelNativeAccessor] [system/00000000] Unable to advise preserve data in cache for transaction log version: 0. Error: ErrorCode=-1, errorMessage='Incorrect file descriptor.'
2024-08-30 15:45:31.116+0000 WARN  [o.n.k.i.t.l.f.LogFileChannelNativeAccessor] [system/00000000] Unable to evict transaction log from cache with version: 0. Error: ErrorCode=-1, errorMessage='Incorrect file descriptor.'
2024-08-30 15:45:31.117+0000 WARN  [o.n.k.i.t.l.f.LogFileChannelNativeAccessor] [system/00000000] Unable to advise sequential access for transaction log version: 0. Error: ErrorCode=-1, errorMessage='Incorrect file descriptor.'
2024-08-30 15:45:31.117+0000 WARN  [o.n.k.i.t.l.f.LogFileChannelNativeAccessor] [system/00000000] Unable to advise preserve data in cache for transaction log version: 0. Error: ErrorCode=-1, errorMessage='Incorrect file descriptor.'
2024-08-30 15:45:31.117+0000 WARN  [o.n.k.i.t.l.f.LogFileChannelNativeAccessor] [system/00000000] Unable to evict transaction log from cache with version: 0. Error: ErrorCode=-1, errorMessage='Incorrect file descriptor.'
2024-08-30 15:45:31.120+0000 INFO  [o.n.k.i.a.i.IndexingService] [system/00000000] IndexingService.start: indexes not specifically mentioned above are ONLINE
2024-08-30 15:45:31.153+0000 INFO  [o.n.k.a.DatabaseAvailabilityGuard] [system/00000000] Fulfilling of requirement 'Database unavailable' makes database system available.
2024-08-30 15:45:31.153+0000 INFO  [o.n.k.a.DatabaseAvailabilityGuard] [system/00000000] DatabaseId{00000000[system]} is ready.
2024-08-30 15:45:31.266+0000 INFO  [o.n.s.s.s.UserSecurityGraphComponent] Performing postInitialization step for component 'security-users' with version 4 and status CURRENT
2024-08-30 15:45:31.267+0000 INFO  [o.n.s.s.s.UserSecurityGraphComponent] Updating the initial password in component 'security-users'
2024-08-30 15:45:31.285+0000 INFO  [o.n.d.d.DatabaseLifecycles] Creating 'DatabaseId{9b130fe2[neo4j]}'.
2024-08-30 15:45:31.289+0000 INFO  [o.n.d.d.DatabaseLifecycles] Starting 'DatabaseId{9b130fe2[neo4j]}'.
2024-08-30 15:45:31.297+0000 WARN  [o.n.k.i.t.l.f.c.CheckpointFileChannelNativeAccessor] [neo4j/9b130fe2] Unable to advise sequential access for transaction log version: 0. Error: ErrorCode=-1, errorMessage='Incorrect file descriptor.'
2024-08-30 15:45:31.297+0000 WARN  [o.n.k.i.t.l.f.c.CheckpointFileChannelNativeAccessor] [neo4j/9b130fe2] Unable to advise preserve data in cache for transaction log version: 0. Error: ErrorCode=-1, errorMessage='Incorrect file descriptor.'
2024-08-30 15:45:31.297+0000 INFO  [o.n.k.i.t.l.f.c.CheckpointLogFile] [neo4j/9b130fe2] Scanning log file with version 0 for checkpoint entries
2024-08-30 15:45:31.297+0000 WARN  [o.n.k.i.t.l.f.c.CheckpointFileChannelNativeAccessor] [neo4j/9b130fe2] Unable to evict transaction log from cache with version: 0. Error: ErrorCode=-1, errorMessage='Incorrect file descriptor.'
2024-08-30 15:45:31.297+0000 WARN  [o.n.k.i.t.l.f.c.CheckpointFileChannelNativeAccessor] [neo4j/9b130fe2] Unable to advise sequential access for transaction log version: 0. Error: ErrorCode=-1, errorMessage='Incorrect file descriptor.'
2024-08-30 15:45:31.298+0000 WARN  [o.n.k.i.t.l.f.c.CheckpointFileChannelNativeAccessor] [neo4j/9b130fe2] Unable to advise preserve data in cache for transaction log version: 0. Error: ErrorCode=-1, errorMessage='Incorrect file descriptor.'
2024-08-30 15:45:31.298+0000 WARN  [o.n.k.i.t.l.f.c.CheckpointFileChannelNativeAccessor] [neo4j/9b130fe2] Unable to evict transaction log from cache with version: 0. Error: ErrorCode=-1, errorMessage='Incorrect file descriptor.'
2024-08-30 15:45:31.298+0000 WARN  [o.n.k.i.t.l.f.LogFileChannelNativeAccessor] [neo4j/9b130fe2] Unable to advise sequential access for transaction log version: 0. Error: ErrorCode=-1, errorMessage='Incorrect file descriptor.'
2024-08-30 15:45:31.298+0000 WARN  [o.n.k.i.t.l.f.LogFileChannelNativeAccessor] [neo4j/9b130fe2] Unable to advise preserve data in cache for transaction log version: 0. Error: ErrorCode=-1, errorMessage='Incorrect file descriptor.'
2024-08-30 15:45:31.298+0000 WARN  [o.n.k.i.t.l.f.LogFileChannelNativeAccessor] [neo4j/9b130fe2] Unable to evict transaction log from cache with version: 0. Error: ErrorCode=-1, errorMessage='Incorrect file descriptor.'
2024-08-30 15:45:31.299+0000 WARN  [o.n.k.i.t.l.f.LogFileChannelNativeAccessor] [neo4j/9b130fe2] Unable to advise sequential access for transaction log version: 0. Error: ErrorCode=-1, errorMessage='Incorrect file descriptor.'
2024-08-30 15:45:31.299+0000 WARN  [o.n.k.i.t.l.f.LogFileChannelNativeAccessor] [neo4j/9b130fe2] Unable to advise preserve data in cache for transaction log version: 0. Error: ErrorCode=-1, errorMessage='Incorrect file descriptor.'
2024-08-30 15:45:31.299+0000 WARN  [o.n.k.i.t.l.f.LogFileChannelNativeAccessor] [neo4j/9b130fe2] Unable to evict transaction log from cache with version: 0. Error: ErrorCode=-1, errorMessage='Incorrect file descriptor.'
2024-08-30 15:45:31.302+0000 INFO  [o.n.k.i.s.f.RecordFormatSelector] [neo4j/9b130fe2] Selected RecordFormat:PageAlignedV5_0[aligned-1.1] record format from store /data/databases/neo4j
2024-08-30 15:45:31.302+0000 INFO  [o.n.k.i.s.f.RecordFormatSelector] [neo4j/9b130fe2] Selected format from the store files: RecordFormat:PageAlignedV5_0[aligned-1.1]
2024-08-30 15:45:31.349+0000 WARN  [o.n.k.i.t.l.f.c.CheckpointFileChannelNativeAccessor] [neo4j/9b130fe2] Unable to advise sequential access for transaction log version: 0. Error: ErrorCode=-1, errorMessage='Incorrect file descriptor.'
2024-08-30 15:45:31.350+0000 WARN  [o.n.k.i.t.l.f.c.CheckpointFileChannelNativeAccessor] [neo4j/9b130fe2] Unable to advise preserve data in cache for transaction log version: 0. Error: ErrorCode=-1, errorMessage='Incorrect file descriptor.'
2024-08-30 15:45:31.350+0000 WARN  [o.n.k.i.t.l.f.c.CheckpointFileChannelNativeAccessor] [neo4j/9b130fe2] Unable to evict transaction log from cache with version: 0. Error: ErrorCode=-1, errorMessage='Incorrect file descriptor.'
2024-08-30 15:45:31.351+0000 INFO  [o.n.i.d.DiagnosticsManager] [neo4j/9b130fe2] 
                                                                [neo4j/9b130fe2] ********************************************************************************
                                                                [neo4j/9b130fe2]                               [ Database: neo4j ]                               
                                                                [neo4j/9b130fe2] ********************************************************************************
                                                                [neo4j/9b130fe2] --------------------------------------------------------------------------------
                                                                [neo4j/9b130fe2]                                   [ Version ]                                   
                                                                [neo4j/9b130fe2] --------------------------------------------------------------------------------
                                                                [neo4j/9b130fe2] DBMS: community record-aligned-1.1
                                                                [neo4j/9b130fe2] Kernel version: 5.9.0
                                                                [neo4j/9b130fe2] 
                                                                [neo4j/9b130fe2] --------------------------------------------------------------------------------
                                                                [neo4j/9b130fe2]                                 [ Store files ]                                 
                                                                [neo4j/9b130fe2] --------------------------------------------------------------------------------
                                                                [neo4j/9b130fe2] Disk space on partition (Total / Free / Free %): 526762934272 / 514283732992 / 97
                                                                [neo4j/9b130fe2] Storage files stored on file store: ext4
                                                                [neo4j/9b130fe2] Storage files: (filename : modification date - size)
                                                                [neo4j/9b130fe2]   database_lock: 2024-08-16 11:20:43.717+0000 - 0B
                                                                [neo4j/9b130fe2]   neostore: 2024-08-16 11:20:43.693+0000 - 8.000KiB
                                                                [neo4j/9b130fe2]   neostore.counts.db: 2024-08-30 15:45:31.330+0000 - 40.00KiB
                                                                [neo4j/9b130fe2]   neostore.indexstats.db: 2024-08-30 15:45:31.333+0000 - 48.00KiB
                                                                [neo4j/9b130fe2]   neostore.labeltokenstore.db: 2024-08-16 11:20:43.679+0000 - 0B
                                                                [neo4j/9b130fe2]   neostore.labeltokenstore.db.id: 2024-08-30 15:45:31.325+0000 - 40.00KiB
                                                                [neo4j/9b130fe2]   neostore.labeltokenstore.db.names: 2024-08-16 11:20:43.673+0000 - 8.000KiB
                                                                [neo4j/9b130fe2]   neostore.labeltokenstore.db.names.id: 2024-08-30 15:45:31.324+0000 - 40.00KiB
                                                                [neo4j/9b130fe2]   neostore.nodestore.db: 2024-08-16 11:20:43.652+0000 - 0B
                                                                [neo4j/9b130fe2]   neostore.nodestore.db.id: 2024-08-30 15:45:31.306+0000 - 40.00KiB
                                                                [neo4j/9b130fe2]   neostore.nodestore.db.labels: 2024-08-16 11:20:43.645+0000 - 8.000KiB
                                                                [neo4j/9b130fe2]   neostore.nodestore.db.labels.id: 2024-08-30 15:45:31.302+0000 - 40.00KiB
                                                                [neo4j/9b130fe2]   neostore.propertystore.db: 2024-08-16 11:28:10.477+0000 - 8.000KiB
                                                                [neo4j/9b130fe2]   neostore.propertystore.db.arrays: 2024-08-16 11:20:43.663+0000 - 8.000KiB
                                                                [neo4j/9b130fe2]   neostore.propertystore.db.arrays.id: 2024-08-30 15:45:31.312+0000 - 40.00KiB
                                                                [neo4j/9b130fe2]   neostore.propertystore.db.id: 2024-08-30 15:45:31.313+0000 - 40.00KiB
                                                                [neo4j/9b130fe2]   neostore.propertystore.db.index: 2024-08-16 11:28:10.479+0000 - 8.000KiB
                                                                [neo4j/9b130fe2]   neostore.propertystore.db.index.id: 2024-08-30 15:45:31.309+0000 - 40.00KiB
                                                                [neo4j/9b130fe2]   neostore.propertystore.db.index.keys: 2024-08-16 11:28:10.481+0000 - 8.000KiB
                                                                [neo4j/9b130fe2]   neostore.propertystore.db.index.keys.id: 2024-08-30 15:45:31.307+0000 - 40.00KiB
                                                                [neo4j/9b130fe2]   neostore.propertystore.db.strings: 2024-08-16 11:20:43.660+0000 - 8.000KiB
                                                                [neo4j/9b130fe2]   neostore.propertystore.db.strings.id: 2024-08-30 15:45:31.310+0000 - 40.00KiB
                                                                [neo4j/9b130fe2]   neostore.relationshipgroupstore.db: 2024-08-16 11:20:43.687+0000 - 8.000KiB
                                                                [neo4j/9b130fe2]   neostore.relationshipgroupstore.db.id: 2024-08-30 15:45:31.328+0000 - 40.00KiB
                                                                [neo4j/9b130fe2]   neostore.relationshipgroupstore.degrees.db: 2024-08-30 15:45:31.331+0000 - 40.00KiB
                                                                [neo4j/9b130fe2]   neostore.relationshipstore.db: 2024-08-16 11:20:43.666+0000 - 0B
                                                                [neo4j/9b130fe2]   neostore.relationshipstore.db.id: 2024-08-30 15:45:31.319+0000 - 40.00KiB
                                                                [neo4j/9b130fe2]   neostore.relationshiptypestore.db: 2024-08-16 11:20:43.672+0000 - 0B
                                                                [neo4j/9b130fe2]   neostore.relationshiptypestore.db.id: 2024-08-30 15:45:31.322+0000 - 40.00KiB
                                                                [neo4j/9b130fe2]   neostore.relationshiptypestore.db.names: 2024-08-16 11:20:43.667+0000 - 8.000KiB
                                                                [neo4j/9b130fe2]   neostore.relationshiptypestore.db.names.id: 2024-08-30 15:45:31.321+0000 - 40.00KiB
                                                                [neo4j/9b130fe2]   neostore.schemastore.db: 2024-08-16 11:28:10.478+0000 - 8.000KiB
                                                                [neo4j/9b130fe2]   neostore.schemastore.db.id: 2024-08-30 15:45:31.327+0000 - 40.00KiB
                                                                [neo4j/9b130fe2]   schema:
                                                                [neo4j/9b130fe2]     index:
                                                                [neo4j/9b130fe2]       token-lookup-1.0:
                                                                [neo4j/9b130fe2]         1:
                                                                [neo4j/9b130fe2]           index-1: 2024-08-30 15:45:13.200+0000 - 40.00KiB
                                                                [neo4j/9b130fe2]         - Total: 2024-08-16 11:20:43.742+0000 - 40.00KiB
                                                                [neo4j/9b130fe2]         2:
                                                                [neo4j/9b130fe2]           index-2: 2024-08-30 15:45:13.204+0000 - 40.00KiB
                                                                [neo4j/9b130fe2]         - Total: 2024-08-16 11:20:43.762+0000 - 40.00KiB
                                                                [neo4j/9b130fe2]       - Total: 2024-08-16 11:20:43.762+0000 - 80.00KiB
                                                                [neo4j/9b130fe2]     - Total: 2024-08-16 11:20:43.742+0000 - 80.00KiB
                                                                [neo4j/9b130fe2]   - Total: 2024-08-16 11:20:43.741+0000 - 80.00KiB
                                                                [neo4j/9b130fe2] Storage summary: 
                                                                [neo4j/9b130fe2]   Total size of store: 856.0KiB
                                                                [neo4j/9b130fe2]   Total size of mapped files: 168.0KiB
                                                                [neo4j/9b130fe2] 
                                                                [neo4j/9b130fe2] --------------------------------------------------------------------------------
                                                                [neo4j/9b130fe2]                               [ Transaction log ]                               
                                                                [neo4j/9b130fe2] --------------------------------------------------------------------------------
                                                                [neo4j/9b130fe2] Transaction log files stored on file store: ext4
                                                                [neo4j/9b130fe2] Transaction log metadata:
                                                                [neo4j/9b130fe2]  - current kernel version used in transactions: V5_9
                                                                [neo4j/9b130fe2]  - last committed transaction id: 3
                                                                [neo4j/9b130fe2] Transaction log files:
                                                                [neo4j/9b130fe2]  - existing transaction log versions: 0-0
                                                                [neo4j/9b130fe2]  - oldest transaction 2 found in log with version 0
                                                                [neo4j/9b130fe2]  - files: (filename : creation date - size)
                                                                [neo4j/9b130fe2]      neostore.transaction.db.0: 2024-08-16 11:20:43.737+0000 - 3.381KiB
                                                                [neo4j/9b130fe2]  - total size of files: 3.381KiB
                                                                [neo4j/9b130fe2] Checkpoint log files:
                                                                [neo4j/9b130fe2]  - existing checkpoint log versions: 0-0
                                                                [neo4j/9b130fe2]  - last checkpoint: CheckpointInfo[transactionLogPosition=LogPosition{logVersion=0, byteOffset=3462}, storeId=StoreId{creationTime=1723807243694, random=6793648274496324964, storageEngineName='record', formatName='aligned', majorVersion=1, minorVersion=1}, checkpointEntryPosition=LogPosition{logVersion=0, byteOffset=592}, channelPositionAfterCheckpoint=LogPosition{logVersion=0, byteOffset=824}, checkpointFilePostReadPosition=LogPosition{logVersion=0, byteOffset=824}, kernelVersion=KernelVersion{V5_9,version=8}, transactionId=TransactionId[transactionId=3, checksum=-819057695, commitTimestamp=1723807243733, consensusIndex=-1], reason=Checkpoint triggered by "Database shutdown" @ txId: 3]
                                                                [neo4j/9b130fe2] 
                                                                [neo4j/9b130fe2] --------------------------------------------------------------------------------
                                                                [neo4j/9b130fe2]                                   [ Id usage ]                                  
                                                                [neo4j/9b130fe2] --------------------------------------------------------------------------------
                                                                [neo4j/9b130fe2] ArrayPropertyStore[neostore.nodestore.db.labels]: used=1 high=0
                                                                [neo4j/9b130fe2] NodeStore[neostore.nodestore.db]: used=0 high=-1
                                                                [neo4j/9b130fe2] StringPropertyStore[neostore.propertystore.db.index.keys]: used=20 high=19
                                                                [neo4j/9b130fe2] PropertyIndexStore[neostore.propertystore.db.index]: used=10 high=9
                                                                [neo4j/9b130fe2] StringPropertyStore[neostore.propertystore.db.strings]: used=1 high=0
                                                                [neo4j/9b130fe2] ArrayPropertyStore[neostore.propertystore.db.arrays]: used=1 high=0
                                                                [neo4j/9b130fe2] PropertyStore[neostore.propertystore.db]: used=8 high=7
                                                                [neo4j/9b130fe2] RelationshipStore[neostore.relationshipstore.db]: used=0 high=-1
                                                                [neo4j/9b130fe2] StringPropertyStore[neostore.relationshiptypestore.db.names]: used=1 high=0
                                                                [neo4j/9b130fe2] RelationshipTypeStore[neostore.relationshiptypestore.db]: used=0 high=-1
                                                                [neo4j/9b130fe2] StringPropertyStore[neostore.labeltokenstore.db.names]: used=1 high=0
                                                                [neo4j/9b130fe2] LabelTokenStore[neostore.labeltokenstore.db]: used=0 high=-1
                                                                [neo4j/9b130fe2] SchemaStore[neostore.schemastore.db]: used=3 high=2
                                                                [neo4j/9b130fe2] RelationshipGroupStore[neostore.relationshipgroupstore.db]: used=1 high=0
                                                                [neo4j/9b130fe2] NeoStore[neostore]: used=-1 high=-1
                                                                [neo4j/9b130fe2] 
                                                                [neo4j/9b130fe2] --------------------------------------------------------------------------------
                                                                [neo4j/9b130fe2]                                   [ Metadata ]                                  
                                                                [neo4j/9b130fe2] --------------------------------------------------------------------------------
                                                                [neo4j/9b130fe2] EXTERNAL_STORE_UUID (Database identifier exposed as external store identity. Generated on creation and never updated): af155fdc-b2cb-4903-9550-0c6e1c3111e4
                                                                [neo4j/9b130fe2] DATABASE_ID (The last used DatabaseId for this database): null
                                                                [neo4j/9b130fe2] LEGACY_STORE_VERSION (Legacy store format version. This field is used from 5.0 onwards only to distinguish non-migrated pre 5.0 metadata stores.): -3523014627327384477
                                                                [neo4j/9b130fe2] STORE_ID (Store ID): StoreId{creationTime=1723807243694, random=6793648274496324964, storageEngineName='record', formatName='aligned', majorVersion=1, minorVersion=1}
                                                                [neo4j/9b130fe2] 
2024-08-30 15:45:31.357+0000 INFO  [o.n.k.i.a.i.IndexingService] [neo4j/9b130fe2] IndexingService.init: indexes not specifically mentioned above are ONLINE
2024-08-30 15:45:31.358+0000 INFO  [o.n.k.a.DatabaseAvailabilityGuard] [neo4j/9b130fe2] Requirement `Database unavailable` makes database neo4j unavailable.
2024-08-30 15:45:31.358+0000 INFO  [o.n.k.a.DatabaseAvailabilityGuard] [neo4j/9b130fe2] DatabaseId{9b130fe2[neo4j]} is unavailable.
2024-08-30 15:45:31.361+0000 WARN  [o.n.k.i.t.l.f.LogFileChannelNativeAccessor] [neo4j/9b130fe2] Unable to advise sequential access for transaction log version: 0. Error: ErrorCode=-1, errorMessage='Incorrect file descriptor.'
2024-08-30 15:45:31.361+0000 WARN  [o.n.k.i.t.l.f.LogFileChannelNativeAccessor] [neo4j/9b130fe2] Unable to advise preserve data in cache for transaction log version: 0. Error: ErrorCode=-1, errorMessage='Incorrect file descriptor.'
2024-08-30 15:45:31.361+0000 INFO  [o.n.k.d.Database] [neo4j/9b130fe2] Starting transaction log [/data/transactions/neo4j/neostore.transaction.db.0] at version=0
2024-08-30 15:45:31.363+0000 WARN  [o.n.k.i.t.l.f.c.CheckpointFileChannelNativeAccessor] [neo4j/9b130fe2] Unable to advise sequential access for transaction log version: 0. Error: ErrorCode=-1, errorMessage='Incorrect file descriptor.'
2024-08-30 15:45:31.363+0000 WARN  [o.n.k.i.t.l.f.c.CheckpointFileChannelNativeAccessor] [neo4j/9b130fe2] Unable to advise preserve data in cache for transaction log version: 0. Error: ErrorCode=-1, errorMessage='Incorrect file descriptor.'
2024-08-30 15:45:31.363+0000 INFO  [o.n.k.d.Database] [neo4j/9b130fe2] Starting transaction log [/data/transactions/neo4j/checkpoint.0] at version=0
2024-08-30 15:45:31.364+0000 WARN  [o.n.k.i.t.l.f.c.CheckpointFileChannelNativeAccessor] [neo4j/9b130fe2] Unable to advise sequential access for transaction log version: 0. Error: ErrorCode=-1, errorMessage='Incorrect file descriptor.'
2024-08-30 15:45:31.364+0000 WARN  [o.n.k.i.t.l.f.c.CheckpointFileChannelNativeAccessor] [neo4j/9b130fe2] Unable to advise preserve data in cache for transaction log version: 0. Error: ErrorCode=-1, errorMessage='Incorrect file descriptor.'
2024-08-30 15:45:31.364+0000 INFO  [o.n.k.i.t.l.f.c.CheckpointLogFile] [neo4j/9b130fe2] Scanning log file with version 0 for checkpoint entries
2024-08-30 15:45:31.364+0000 WARN  [o.n.k.i.t.l.f.c.CheckpointFileChannelNativeAccessor] [neo4j/9b130fe2] Unable to evict transaction log from cache with version: 0. Error: ErrorCode=-1, errorMessage='Incorrect file descriptor.'
2024-08-30 15:45:31.365+0000 WARN  [o.n.k.i.t.l.f.c.CheckpointFileChannelNativeAccessor] [neo4j/9b130fe2] Unable to advise sequential access for transaction log version: 0. Error: ErrorCode=-1, errorMessage='Incorrect file descriptor.'
2024-08-30 15:45:31.365+0000 WARN  [o.n.k.i.t.l.f.c.CheckpointFileChannelNativeAccessor] [neo4j/9b130fe2] Unable to advise preserve data in cache for transaction log version: 0. Error: ErrorCode=-1, errorMessage='Incorrect file descriptor.'
2024-08-30 15:45:31.365+0000 WARN  [o.n.k.i.t.l.f.c.CheckpointFileChannelNativeAccessor] [neo4j/9b130fe2] Unable to evict transaction log from cache with version: 0. Error: ErrorCode=-1, errorMessage='Incorrect file descriptor.'
2024-08-30 15:45:31.365+0000 WARN  [o.n.k.i.t.l.f.LogFileChannelNativeAccessor] [neo4j/9b130fe2] Unable to advise sequential access for transaction log version: 0. Error: ErrorCode=-1, errorMessage='Incorrect file descriptor.'
2024-08-30 15:45:31.366+0000 WARN  [o.n.k.i.t.l.f.LogFileChannelNativeAccessor] [neo4j/9b130fe2] Unable to advise preserve data in cache for transaction log version: 0. Error: ErrorCode=-1, errorMessage='Incorrect file descriptor.'
2024-08-30 15:45:31.366+0000 WARN  [o.n.k.i.t.l.f.LogFileChannelNativeAccessor] [neo4j/9b130fe2] Unable to evict transaction log from cache with version: 0. Error: ErrorCode=-1, errorMessage='Incorrect file descriptor.'
2024-08-30 15:45:31.366+0000 WARN  [o.n.k.i.t.l.f.LogFileChannelNativeAccessor] [neo4j/9b130fe2] Unable to advise sequential access for transaction log version: 0. Error: ErrorCode=-1, errorMessage='Incorrect file descriptor.'
2024-08-30 15:45:31.366+0000 WARN  [o.n.k.i.t.l.f.LogFileChannelNativeAccessor] [neo4j/9b130fe2] Unable to advise preserve data in cache for transaction log version: 0. Error: ErrorCode=-1, errorMessage='Incorrect file descriptor.'
2024-08-30 15:45:31.366+0000 WARN  [o.n.k.i.t.l.f.LogFileChannelNativeAccessor] [neo4j/9b130fe2] Unable to evict transaction log from cache with version: 0. Error: ErrorCode=-1, errorMessage='Incorrect file descriptor.'
2024-08-30 15:45:31.367+0000 INFO  [o.n.k.i.a.i.IndexingService] [neo4j/9b130fe2] IndexingService.start: indexes not specifically mentioned above are ONLINE
2024-08-30 15:45:31.368+0000 INFO  [o.n.k.a.DatabaseAvailabilityGuard] [neo4j/9b130fe2] Fulfilling of requirement 'Database unavailable' makes database neo4j available.
2024-08-30 15:45:31.368+0000 INFO  [o.n.k.a.DatabaseAvailabilityGuard] [neo4j/9b130fe2] DatabaseId{9b130fe2[neo4j]} is ready.
2024-08-30 15:45:31.407+0000 INFO  [o.n.b.p.c.c.n.SocketNettyConnector] Bolt enabled on 0.0.0.0:7687.
2024-08-30 15:45:31.407+0000 INFO  [o.n.b.BoltServer] Bolt server started
2024-08-30 15:45:31.407+0000 INFO  [o.n.s.A.ServerComponentsLifecycleAdapter] Starting web server
2024-08-30 15:45:32.044+0000 INFO  [o.n.s.CommunityNeoWebServer] Remote interface available at http://localhost:7474/
2024-08-30 15:45:32.044+0000 INFO  [o.n.s.A.ServerComponentsLifecycleAdapter] Web server started.
2024-08-30 15:45:32.047+0000 INFO  [o.n.g.f.DatabaseManagementServiceFactory] id: FD9F2F89A02199A0A9EBB4A60B8A9F59E7FF344C4EF02E9931DA2D4D15F27FFA
2024-08-30 15:45:32.047+0000 INFO  [o.n.g.f.DatabaseManagementServiceFactory] name: system
2024-08-30 15:45:32.048+0000 INFO  [o.n.g.f.DatabaseManagementServiceFactory] creationDate: 2024-08-16T11:20:42.513Z
2024-08-30 15:46:04.525+0000 ERROR [o.n.b.p.c.h.ProtocolHandshakeHandler] Fatal error occurred during protocol handshaking: [id: 0x0c70cd5f, L:/172.18.0.2:7687 - R:/192.168.217.1:54225]
java.lang.NullPointerException: Cannot read the array length because "array" is null
	at io.netty.buffer.Unpooled.copiedBuffer(Unpooled.java:363) ~[netty-buffer-4.1.92.Final.jar:4.1.92.Final]
	at org.neo4j.bolt.protocol.common.handler.DiscoveryResponseHandler.channelRead(DiscoveryResponseHandler.java:58) ~[neo4j-bolt-5.9.0.jar:5.9.0]
	at io.netty.channel.AbstractChannelHandlerContext.invokeChannelRead(AbstractChannelHandlerContext.java:444) [netty-transport-4.1.92.Final.jar:4.1.92.Final]
	at io.netty.channel.AbstractChannelHandlerContext.invokeChannelRead(AbstractChannelHandlerContext.java:420) [netty-transport-4.1.92.Final.jar:4.1.92.Final]
	at io.netty.channel.AbstractChannelHandlerContext.fireChannelRead(AbstractChannelHandlerContext.java:412) [netty-transport-4.1.92.Final.jar:4.1.92.Final]
	at io.netty.handler.codec.MessageToMessageDecoder.channelRead(MessageToMessageDecoder.java:103) [netty-codec-4.1.92.Final.jar:4.1.92.Final]
	at io.netty.channel.AbstractChannelHandlerContext.invokeChannelRead(AbstractChannelHandlerContext.java:444) [netty-transport-4.1.92.Final.jar:4.1.92.Final]
	at io.netty.channel.AbstractChannelHandlerContext.invokeChannelRead(AbstractChannelHandlerContext.java:420) [netty-transport-4.1.92.Final.jar:4.1.92.Final]
	at io.netty.channel.AbstractChannelHandlerContext.fireChannelRead(AbstractChannelHandlerContext.java:412) [netty-transport-4.1.92.Final.jar:4.1.92.Final]
	at io.netty.channel.CombinedChannelDuplexHandler$DelegatingChannelHandlerContext.fireChannelRead(CombinedChannelDuplexHandler.java:436) [netty-transport-4.1.92.Final.jar:4.1.92.Final]
	at io.netty.handler.codec.ByteToMessageDecoder.fireChannelRead(ByteToMessageDecoder.java:346) [netty-codec-4.1.92.Final.jar:4.1.92.Final]
	at io.netty.handler.codec.ByteToMessageDecoder.channelRead(ByteToMessageDecoder.java:318) [netty-codec-4.1.92.Final.jar:4.1.92.Final]
	at io.netty.channel.CombinedChannelDuplexHandler.channelRead(CombinedChannelDuplexHandler.java:251) [netty-transport-4.1.92.Final.jar:4.1.92.Final]
	at io.netty.channel.AbstractChannelHandlerContext.invokeChannelRead(AbstractChannelHandlerContext.java:442) [netty-transport-4.1.92.Final.jar:4.1.92.Final]
	at io.netty.channel.AbstractChannelHandlerContext.invokeChannelRead(AbstractChannelHandlerContext.java:420) [netty-transport-4.1.92.Final.jar:4.1.92.Final]
	at io.netty.channel.AbstractChannelHandlerContext.fireChannelRead(AbstractChannelHandlerContext.java:412) [netty-transport-4.1.92.Final.jar:4.1.92.Final]
	at io.netty.handler.codec.ByteToMessageDecoder.handlerRemoved(ByteToMessageDecoder.java:266) [netty-codec-4.1.92.Final.jar:4.1.92.Final]
	at io.netty.handler.codec.ByteToMessageDecoder.decodeRemovalReentryProtection(ByteToMessageDecoder.java:536) [netty-codec-4.1.92.Final.jar:4.1.92.Final]
	at io.netty.handler.codec.ByteToMessageDecoder.callDecode(ByteToMessageDecoder.java:468) [netty-codec-4.1.92.Final.jar:4.1.92.Final]
	at io.netty.handler.codec.ByteToMessageDecoder.channelRead(ByteToMessageDecoder.java:290) [netty-codec-4.1.92.Final.jar:4.1.92.Final]
	at io.netty.channel.AbstractChannelHandlerContext.invokeChannelRead(AbstractChannelHandlerContext.java:444) [netty-transport-4.1.92.Final.jar:4.1.92.Final]
	at io.netty.channel.AbstractChannelHandlerContext.invokeChannelRead(AbstractChannelHandlerContext.java:420) [netty-transport-4.1.92.Final.jar:4.1.92.Final]
	at io.netty.channel.AbstractChannelHandlerContext.fireChannelRead(AbstractChannelHandlerContext.java:412) [netty-transport-4.1.92.Final.jar:4.1.92.Final]
	at io.netty.channel.DefaultChannelPipeline$HeadContext.channelRead(DefaultChannelPipeline.java:1410) [netty-transport-4.1.92.Final.jar:4.1.92.Final]
	at io.netty.channel.AbstractChannelHandlerContext.invokeChannelRead(AbstractChannelHandlerContext.java:440) [netty-transport-4.1.92.Final.jar:4.1.92.Final]
	at io.netty.channel.AbstractChannelHandlerContext.invokeChannelRead(AbstractChannelHandlerContext.java:420) [netty-transport-4.1.92.Final.jar:4.1.92.Final]
	at io.netty.channel.DefaultChannelPipeline.fireChannelRead(DefaultChannelPipeline.java:919) [netty-transport-4.1.92.Final.jar:4.1.92.Final]
	at io.netty.channel.epoll.AbstractEpollStreamChannel$EpollStreamUnsafe.epollInReady(AbstractEpollStreamChannel.java:800) [netty-transport-classes-epoll-4.1.92.Final.jar:4.1.92.Final]
	at io.netty.channel.epoll.EpollEventLoop.processReady(EpollEventLoop.java:499) [netty-transport-classes-epoll-4.1.92.Final.jar:4.1.92.Final]
	at io.netty.channel.epoll.EpollEventLoop.run(EpollEventLoop.java:397) [netty-transport-classes-epoll-4.1.92.Final.jar:4.1.92.Final]
	at io.netty.util.concurrent.SingleThreadEventExecutor$4.run(SingleThreadEventExecutor.java:997) [netty-common-4.1.92.Final.jar:4.1.92.Final]
	at io.netty.util.internal.ThreadExecutorMap$2.run(ThreadExecutorMap.java:74) [netty-common-4.1.92.Final.jar:4.1.92.Final]
	at io.netty.util.concurrent.FastThreadLocalRunnable.run(FastThreadLocalRunnable.java:30) [netty-common-4.1.92.Final.jar:4.1.92.Final]
	at java.lang.Thread.run(Thread.java:833) [?:?]
2024-08-30 15:46:43.865+0000 INFO  [o.n.g.f.DatabaseManagementServiceFactory] Shutdown started
2024-08-30 15:46:43.878+0000 INFO  [o.n.b.BoltServer] Requested Bolt server shutdown
2024-08-30 15:46:43.878+0000 INFO  [o.n.b.p.c.c.ConnectionRegistry] Stopping remaining idle connections for connector bolt
2024-08-30 15:46:43.878+0000 INFO  [o.n.b.p.c.c.ConnectionRegistry] Stopped 0 idling connections for connector bolt
2024-08-30 15:46:43.880+0000 INFO  [o.n.d.d.DatabaseLifecycles] Stopping 'DatabaseId{9b130fe2[neo4j]}'.
2024-08-30 15:46:43.880+0000 INFO  [o.n.k.a.DatabaseAvailabilityGuard] [neo4j/9b130fe2] Requirement `Database unavailable` makes database neo4j unavailable.
2024-08-30 15:46:43.880+0000 INFO  [o.n.k.a.DatabaseAvailabilityGuard] [neo4j/9b130fe2] DatabaseId{9b130fe2[neo4j]} is unavailable.
2024-08-30 15:46:43.881+0000 INFO  [o.n.k.d.Database] [neo4j/9b130fe2] Waiting for closing transactions.
2024-08-30 15:46:43.882+0000 INFO  [o.n.k.d.Database] [neo4j/9b130fe2] All transactions are closed.
2024-08-30 15:46:43.883+0000 INFO  [o.n.k.i.t.l.c.CheckPointerImpl] [neo4j/9b130fe2] Checkpoint triggered by "Database shutdown" @ txId: 3 checkpoint started...
2024-08-30 15:46:43.904+0000 INFO  [o.n.k.i.t.l.c.CheckPointerImpl] [neo4j/9b130fe2] Checkpoint triggered by "Database shutdown" @ txId: 3 checkpoint completed in 20ms. Checkpoint flushed 23 pages (0% of total available pages), in 22 IOs. Checkpoint performed with IO limit: unlimited, paused in total 0 times( 0 millis).
2024-08-30 15:46:43.906+0000 INFO  [o.n.k.i.t.l.p.LogPruningImpl] [neo4j/9b130fe2] No log version pruned. The strategy used was '2 days'. 
2024-08-30 15:46:43.910+0000 WARN  [o.n.k.i.t.l.f.c.CheckpointFileChannelNativeAccessor] [neo4j/9b130fe2] Unable to evict transaction log from cache with version: 0. Error: ErrorCode=-1, errorMessage='Incorrect file descriptor.'
2024-08-30 15:46:43.910+0000 WARN  [o.n.k.i.t.l.f.LogFileChannelNativeAccessor] [neo4j/9b130fe2] Unable to evict transaction log from cache with version: 0. Error: ErrorCode=-1, errorMessage='Incorrect file descriptor.'
2024-08-30 15:46:43.928+0000 INFO  [o.n.d.d.DatabaseLifecycles] Stopped 'DatabaseId{9b130fe2[neo4j]}' successfully.
2024-08-30 15:46:43.928+0000 INFO  [o.n.d.d.DatabaseLifecycles] Stopping 'DatabaseId{00000000[system]}'.
2024-08-30 15:46:43.928+0000 INFO  [o.n.k.a.DatabaseAvailabilityGuard] [system/00000000] Requirement `Database unavailable` makes database system unavailable.
2024-08-30 15:46:43.928+0000 INFO  [o.n.k.a.DatabaseAvailabilityGuard] [system/00000000] DatabaseId{00000000[system]} is unavailable.
2024-08-30 15:46:43.929+0000 INFO  [o.n.k.d.Database] [system/00000000] Waiting for closing transactions.
2024-08-30 15:46:43.929+0000 INFO  [o.n.k.d.Database] [system/00000000] All transactions are closed.
2024-08-30 15:46:43.929+0000 INFO  [o.n.k.i.t.l.c.CheckPointerImpl] [system/00000000] Checkpoint triggered by "Database shutdown" @ txId: 37 checkpoint started...
2024-08-30 15:46:43.942+0000 INFO  [o.n.k.i.t.l.c.CheckPointerImpl] [system/00000000] Checkpoint triggered by "Database shutdown" @ txId: 37 checkpoint completed in 12ms. Checkpoint flushed 27 pages (0% of total available pages), in 27 IOs. Checkpoint performed with IO limit: unlimited, paused in total 0 times( 0 millis).
2024-08-30 15:46:43.942+0000 INFO  [o.n.k.i.t.l.p.LogPruningImpl] [system/00000000] No log version pruned. The strategy used was '2 days'. 
2024-08-30 15:46:43.948+0000 WARN  [o.n.k.i.t.l.f.c.CheckpointFileChannelNativeAccessor] [system/00000000] Unable to evict transaction log from cache with version: 0. Error: ErrorCode=-1, errorMessage='Incorrect file descriptor.'
2024-08-30 15:46:43.948+0000 WARN  [o.n.k.i.t.l.f.LogFileChannelNativeAccessor] [system/00000000] Unable to evict transaction log from cache with version: 0. Error: ErrorCode=-1, errorMessage='Incorrect file descriptor.'
2024-08-30 15:46:43.956+0000 INFO  [o.n.d.d.DatabaseLifecycles] Stopped 'DatabaseId{00000000[system]}' successfully.
2024-08-30 15:46:43.958+0000 INFO  [o.n.b.BoltServer] Shutting down Bolt server
2024-08-30 15:46:43.958+0000 INFO  [o.n.b.p.c.c.ConnectionRegistry] Stopping 0 connections for connector bolt
2024-08-30 15:46:43.959+0000 INFO  [o.n.b.p.c.c.ConnectionRegistry] Stopped all remaining connections for connector bolt
2024-08-30 15:46:48.991+0000 INFO  [o.n.b.BoltServer] Bolt server has been shut down
